Time (ms),Engagement (%)
0,0
16,0
41,0
79,0
119,1
165,1
205,1
248,1
292,2
343,2
392,2
431,3
460,3
493,4
542,4
592,5
646,5
681,5
744,6
776,6
821,6
852,7
900,7
946,7
977,7
1024,7
1070,7
1127,8
1166,8
1213,9
1269,9
1310,9
1353,9
1400,9
1450,10
1512,10
1559,10
1606,10
1656,11
1700,11
1744,11
1799,11
1837,12
1901,12
1960,12
2008,12
2056,13
2117,13
2163,13
2210,13
2245,13
2300,14
2342,14
2396,14
2440,14
2487,14
2527,15
2574,15
2628,15
2676,15
2738,15
2781,16
2832,16
2869,17
2918,18
2966,18
3013,19
3062,19
3112,20
3158,20
3204,20
3253,21
3294,21
3342,21
3393,22
3439,23
3478,23
3541,23
3593,23
3640,23
3686,23
3734,23
3781,23
3826,23
3874,23
3921,23
3967,23
4014,23
4061,23
4107,23
4153,23
4197,24
4252,24
4293,24
4354,25
4415,25
4478,25
4527,26
4573,26
4620,27
4669,27
4712,28
4760,28
4805,28
4853,28
4899,28
4947,28
5007,28
5070,29
5118,29
5166,29
5213,29
5269,29
5308,29
5369,29
5416,29
5463,29
5510,30
5556,30
5602,30
5665,30
5717,30
5759,30
5806,30
5852,30
5913,30
5964,30
6013,31
6069,31
6115,31
6180,31
6229,31
6289,31
6338,31
6397,32
6448,32
6495,32
6557,32
6602,32
6649,32
6697,32
6745,32
6790,32
6838,32
6885,32
6932,32
6978,32
7024,32
7080,32
7133,33
7188,33
7237,33
7284,34
7334,34
7374,34
7428,34
7470,34
7510,35
7558,35
7612,35
7661,36
7708,36
7749,36
7802,36
7849,36
7897,36
7941,36
7989,36
8050,36
8098,36
8135,37
8190,37
8236,37
8285,37
8332,37
8376,37
8424,37
8470,37
8517,37
8563,37
8610,37
8656,37
8702,37
8749,37
8795,37
8841,38
8889,38
8934,38
8982,38
9029,38
9075,38
9122,38
9170,38
9216,38
9262,38
9308,38
9352,38
9403,38
9448,38
9495,39
9543,39
9588,39
9635,39
9683,39
9729,39
9776,39
9823,39
9870,39
9932,39
9985,39
10041,39
10088,39
10149,39
10212,39
10258,39
10293,40
10352,40
10413,40
10458,40
10507,40
10554,40
10602,40
10649,40
10695,40
10742,40
10791,40
10839,40
10884,40
10945,40
10992,40
11039,40
11088,40
11137,40
11183,40
11229,40
11276,40
11322,40
11370,40
11419,40
11463,40
11509,41
11556,41
11604,43
11654,45
11698,47
11749,48
11792,48
11839,48
11887,48
11932,48
11979,48
12026,48
12077,47
12121,47
12167,46
12212,46
12261,45
12309,45
12356,44
12399,44
12454,42
12501,42
12541,41
12596,41
12645,41
12685,41
12737,41
12784,41
12829,41
12891,41
12938,41
12981,40
13030,40
13080,40
13120,40
13184,39
13245,39
13292,39
13339,39
13390,39
13446,39
13508,39
13556,39
13602,39
13663,39
13702,39
13749,38
13805,38
13867,38
13930,38
13988,38
14038,38
14100,38
14147,38
14194,38
14240,38
14286,38
14333,38
14381,38
14430,38
14476,38
14524,38
14586,38
14631,38
14678,38
14739,38
14787,38
14832,38
14880,38
14923,38
14975,38
15023,38
15084,38
15131,38
15177,38
15211,38
15258,38
15321,38
15381,38
15427,38
15474,38
15522,38
15568,38
15613,38
15661,38
15708,38
15757,38
15803,38
15850,38
15898,38
15941,38
15991,38
16037,38
16083,38
16132,38
16178,38
16224,38
16270,38
16317,38
16362,38
16409,38
16455,38
16501,38
16547,38
16594,38
16641,38
16687,38
16732,38
16778,38
16826,38
16869,38
16917,38
16966,39
17013,39
17060,39
17107,39
17152,39
17199,39
17246,39
17292,39
17337,39
17384,39
17431,39
17479,39
17525,39
17572,39
17618,40
17670,40
17717,41
17760,41
17806,42
17851,42
17901,42
17948,43
18006,43
18052,43
18096,43
18141,43
18188,42
18228,42
18284,42
18325,41
18368,41
18419,41
18474,41
18523,40
18569,40
18605,40
18652,40
18700,40
18748,39
18802,39
18848,39
18896,39
18943,39
18988,39
19037,39
19084,39
19130,39
19177,39
19222,39
19268,39
19315,39
19362,39
19409,39
19456,39
19503,39
19550,39
19596,39
19658,39
19705,39
19750,39
19797,39
19844,39
19891,39
19937,39
19985,39
20033,39
20079,39
20124,39
20172,39
20219,39
20267,39
20313,39
20361,39
20408,39
20451,39
20498,39
20548,39
20594,39
20641,39
20688,39
20735,39
20783,40
20829,40
20869,40
20917,40
20967,40
21012,40
21063,40
21110,40
21155,40
21203,40
21249,40
21297,40
21344,40
21390,40
21436,40
21481,41
21545,41
21592,41
21640,41
21687,41
21733,41
21779,41
21824,41
21873,41
21921,41
21967,41
22014,41
22061,41
22107,41
22151,41
22197,42
22261,42
22308,42
22355,42
22402,42
22449,42
22496,42
22542,42
22588,42
22649,42
22696,42
22742,42
22790,42
22822,42
22868,42
22914,42
22964,42
23010,42
23055,42
23102,42
23150,42
23197,42
23244,42
23291,42
23352,42
23413,42
23458,42
23505,42
23552,42
23599,42
23646,42
23693,42
23740,42
23789,42
23836,42
23898,42
23958,42
24005,42
24051,42
24100,42
24146,42
24191,42
24241,42
24287,42
24333,42
24379,42
24423,42
24471,42
24518,42
24565,42
24613,42
24660,42
24707,42
24751,42
24798,42
24845,42
24891,42
24935,42
24986,42
25033,42
25078,42
25124,42
25174,42
25220,42
25260,42
25307,43
25355,44
25404,45
25446,45
25500,46
25550,46
25590,46
25637,47
25686,47
25740,47
25782,47
25834,48
25882,48
25927,48
25974,49
26016,49
26067,49
26114,49
26150,49
26208,49
26256,49
26301,49
26349,49
26391,49
26442,49
26488,49
26525,49
26583,50
26629,50
26674,50
26720,50
26768,50
26815,50
26862,50
26909,50
26954,50
27001,50
27049,50
27094,50
27141,49
27182,49
27229,48
27285,47
27324,47
27375,47
27420,47
27469,46
27517,46
27564,46
27606,46
27652,45
27705,45
27753,45
27796,45
27847,45
27894,44
27935,44
27987,44
28028,44
28070,46
28125,47
28165,49
28221,50
28268,50
28315,50
28361,50
28408,50
28453,50
28493,49
28542,48
28596,48
28636,48
28685,47
28726,47
28764,46
28806,46
28854,45
28902,45
28956,45
29002,44
29046,44
29094,44
29134,43
29197,43
29248,43
29292,43
29342,42
29389,42
29436,42
29482,42
29529,42
29577,42
29624,42
29685,42
29732,42
29779,42
29840,42
29886,42
29948,42
29993,42
30041,42
30087,42
30135,42
30182,42
30227,42
30275,42
30323,42
30371,42
30416,42
30462,42
30509,42
30557,42
30603,42
30650,42
30698,42
30746,42
30791,42
30838,42
30884,42
30947,42
30992,42
31040,42
31087,42
31132,42
31196,42
31240,42
31288,42
31334,42
31380,42
31425,42
31473,42
31519,42
31565,42
31611,42
31657,42
31704,42
31750,42
31798,42
31846,42
31892,42
31932,42
31986,42
32033,42
32078,42
32125,42
32170,42
32217,42
32264,42
32311,42
32358,42
32405,42
32451,42
32497,42
32543,42
32591,42
32637,42
32684,42
32731,42
32777,42
32824,42
32871,42
32931,42
32977,42
33024,42
33071,42
33117,42
33164,42
33211,42
33256,42
33304,42
33349,42
33395,42
33441,42
33490,42
33535,42
33582,42
33627,42
33673,42
33720,42
33766,42
33813,42
33861,42
33907,42
33949,42
34001,42
34062,42
34108,42
34155,42
34202,42
34249,42
34296,42
34343,42
34389,42
34435,42
34482,42
34546,42
34591,42
34637,42
34684,42
34731,42
34775,42
34824,42
34871,41
34916,41
34979,41
35025,41
35071,41
35132,41
35173,41
35227,41
35289,41
35336,41
35383,41
35420,41
35475,40
35540,40
35603,40
35665,40
35712,40
35760,40
35808,40
35855,40
35903,40
35951,40
36012,40
36059,40
36106,40
36154,40
36200,40
36246,40
36306,40
36353,40
36399,40
36446,40
36493,40
36540,40
36587,40
36636,40
36685,41
36729,43
36782,44
36820,45
36868,46
36927,47
36965,48
37015,49
37062,49
37113,49
37159,49
37207,49
37252,49
37293,49
37340,49
37383,48
37436,47
37478,46
37527,46
37571,45
37619,44
37671,44
37717,44
37763,44
37814,44
37854,43
37901,43
37948,42
38005,42
38046,41
38089,41
38141,41
38184,41
38228,41
38276,41
38322,40
38369,40
38417,40
38464,40
38510,40
38557,40
38603,40
38651,40
38710,40
38773,40
38835,40
38898,40
38944,40
38996,42
39046,44
39103,45
39164,45
39214,45
39269,46
39318,46
39365,46
39413,46
39453,46
39493,46
39542,46
39597,46
39647,46
39709,46
39772,46
39818,46
39853,46
39901,44
39957,44
39998,44
40046,43
40096,42
40142,42
40189,42
40229,42
40276,41
40326,41
40373,41
40420,41
40467,41
40514,41
40557,41
40606,41
40652,41
40697,41
40746,41
40791,41
40839,41
40885,41
40933,41
40995,41
41042,41
41102,41
41165,41
41212,41
41258,41
41319,41
41352,41
41413,41
41475,41
41524,41
41556,41
41602,41
41666,41
41712,41
41758,41
41807,41
41851,41
41899,41
41946,41
41993,41
42042,41
42089,41
42137,41
42199,41
42246,41
42293,41
42340,41
42386,41
42432,41
42479,41
42527,41
42573,41
42621,41
42666,41
42760,41
42808,41
42854,41
42900,41
42947,41
43010,41
43056,41
43117,41
43165,41
43211,41
43257,41
43288,41
43337,41
43399,41
43443,41
43490,41
43538,41
43585,41
43648,41
43695,41
43741,41
43789,41
43851,41
43899,41
43945,41
44009,41
44055,41
44102,41
44151,41
44211,41
44259,41
44309,41
44358,42
44406,44
44452,45
44493,45
44540,47
44588,48
44637,49
44701,50
44743,51
44796,51
44837,52
44892,52
44935,52
44984,53
45036,53
45083,53
45128,53
45175,53
45224,53
45263,52
45308,52
45359,52
45406,52
45455,51
45494,51
45548,50
45587,50
45637,50
45685,49
45732,48
45786,48
45829,47
45870,46
45917,45
45961,44
45997,44
46055,44
46105,44
46156,43
46210,43
46247,42
46302,42
46348,42
46395,42
46441,42
46486,42
46532,42
46580,42
46627,42
46668,42
46719,41
46766,41
46811,41
46858,41
46904,41
46952,41
46998,41
47045,41
47092,41
47139,41
47186,41
47231,41
47278,41
47324,41
47372,41
47420,41
47466,41
47513,41
47558,41
47604,41
47653,41
47699,41
47746,41
47792,41
47840,41
47886,41
47933,41
47996,42
48042,42
48089,42
48136,42
48184,42
48230,42
48276,42
48323,42
48369,42
48415,42
48461,42
48508,42
48571,42
48633,42
48679,42
48726,42
48773,42
48835,42
48880,42
48914,42
48975,42
49022,42
49064,42
49116,42
49162,42
49208,42
49255,42
49301,42
49348,42
49393,42
49440,42
49489,42
49535,42
49580,42
49627,42
49676,42
49723,42
49767,42
49814,42
49860,42
49907,42
49953,42
49997,41
50049,41
50094,41
50141,41
50188,41
50235,41
50283,41
50328,41
50389,41
50435,41
50481,41
50527,41
50575,41
50622,41
50668,41
50729,41
50776,41
50825,41
50871,41
50918,41
50965,41
51010,41
51057,41
51105,41
51152,41
51198,41
51246,41
51292,41
51338,42
51391,42
51431,42
51478,42
51525,42
51586,43
51629,43
51669,44
51718,44
51772,44
51819,44
51881,44
51928,44
51972,44
52024,44
52079,44
52132,44
52179,44
52213,45
52261,45
52322,45
52382,45
52420,45
52475,45
52522,45
52569,45
52615,45
52663,45
52702,45
52744,46
52801,46
52844,46
52894,46
52944,46
52991,46
53038,46
53085,46
53118,46
53164,46
53197,46
53243,46
53292,46
53337,46
53383,46
53445,46
53508,46
53555,46
53616,46
53652,47
53698,47
53744,47
53791,47
53838,47
53884,47
53931,47
53994,47
54055,47
54112,46
54164,46
54208,46
54245,46
54302,46
54340,45
54395,45
54440,45
54486,45
54532,45
54579,45
54624,45
54671,45
54718,45
54766,45
54813,45
54861,45
54907,45
54954,45
54996,45
55047,45
55094,45
55140,45
55187,45
55234,45
55282,45
55326,45
55373,45
55415,46
55461,48
55509,50
55557,51
55606,53
55654,54
55701,54
55752,54
55796,55
55843,55
55887,55
55937,56
55981,56
56030,57
56080,57
56120,58
56166,58
56216,58
56262,59
56312,59
56357,59
56403,59
56453,59
56496,60
56550,60
56590,60
56635,60
56693,60
56728,61
56775,61
56831,61
56869,61
56933,61
56983,62
57041,62
57093,62
57134,62
57182,62
57229,62
57275,62
57333,62
57368,62
57415,62
57476,62
57508,62
57558,63
57602,63
57652,63
57712,63
57774,63
57834,63
57882,63
57943,63
57989,63
58038,63
58085,63
58132,63
58192,63
58240,63
58287,63
58332,63
58380,63
58426,63
58472,63
58518,63
58565,63
58612,63
58658,63
58706,63
58753,63
58798,63
58838,62
58885,62
58939,62
58986,62
59032,62
59078,62
59125,62
59170,62
59216,62
59263,62
59310,62
59356,62
59403,62
59451,62
59512,62
59557,62
59605,62
59654,62
59700,62
59747,62
59794,62
59841,62
59888,62
59934,62
59981,62
60042,62
60089,62
60150,62
60199,62
60260,62
60309,63
60357,63
60417,63
60469,63
60511,64
60570,64
60616,64
60669,64
60717,64
60770,65
60818,65
60853,65
60911,65
60956,65
61002,65
61053,65
61098,65
61144,65
61191,65
61237,65
61282,65
61327,65
61374,65
61421,65
61463,65
61511,65
61560,65
61606,66
61654,66
61701,66
61745,66
61793,66
61842,66
61885,66
61936,66
61981,66
62041,67
62087,67
62135,67
62183,67
62230,67
62276,67
62323,67
62370,67
62416,67
62463,67
62510,67
62555,67
62606,67
62663,67
62710,67
62772,67
62812,67
62867,67
62914,67
62961,67
63024,67
63086,67
63134,67
63181,67
63242,67
63274,67
63337,67
63398,67
63438,68
63493,68
63555,68
63603,68
63649,68
63711,68
63771,68
63820,68
63881,68
63943,68
63991,68
64038,68
64084,68
64133,68
64194,68
64241,68
64287,68
64333,68
64395,68
64441,68
64488,68
64532,68
64579,68
64625,68
64672,68
64721,68
64766,68
64813,68
64860,69
64907,69
64954,69
64994,69
65047,69
65093,69
65141,69
65188,69
65235,69
65282,69
65330,69
65376,69
65422,69
65471,69
65517,69
65565,69
65612,69
65658,69
65705,69
65752,69
65800,69
65847,69
65894,69
65940,69
65987,69
66034,69
66076,69
66128,70
66175,70
66223,70
66271,70
66316,70
66363,70
66425,70
66472,70
66517,70
66564,70
66609,70
66658,70
66705,70
66751,70
66800,70
66846,70
66892,70
66938,70
66983,70
67029,70
67078,70
67125,70
67170,70
67217,70
67264,70
67311,70
67357,70
67402,70
67451,70
67497,70
67544,70
67604,70
67651,70
67698,70
67744,70
67790,70
67851,70
67897,70
67945,70
68001,70
68051,70
68098,70
68144,70
68189,69
68228,69
68284,69
68331,69
68377,69
68426,69
68473,69
68519,69
68567,69
68614,69
68661,69
68710,69
68756,69
68803,69
68851,69
68899,69
68945,69
68991,69
69031,69
69082,69
69128,69
69178,69
69222,69
69269,69
69316,69
69363,69
69411,69
69458,69
69504,69
69552,69
69598,69
69645,69
69691,69
69738,69
69785,69
69832,69
69879,69
69928,69
69971,69
70014,69
70067,69
70114,69
70161,69
70206,69
70252,69
70300,69
70348,69
70396,69
70441,69
70487,69
70533,69
70580,69
70627,69
70674,69
70721,69
70768,69
70816,69
70863,69
70910,69
70955,69
70998,69
71050,69
71098,69
71145,69
71193,69
71241,69
71286,69
71334,69
71381,69
71429,69
71469,69
71512,70
71584,70
71621,70
71677,70
71723,70
71769,70
71815,70
71862,70
71908,70
71955,70
71997,70
72050,70
72098,70
72145,70
72193,70
72238,70
72287,70
72333,70
72380,70
72426,70
72473,70
72518,70
72564,70
72612,70
72658,70
72706,70
72752,70
72799,70
72845,70
72893,70
72940,70
72987,70
73032,70
73080,70
73125,70
73173,70
73219,70
73265,70
73315,70
73361,70
73407,70
73454,70
73501,70
73548,70
73594,70
73640,70
73687,70
73735,70
73781,70
73828,70
73874,70
73919,70
73966,70
74013,70
74059,70
74120,70
74167,70
74216,70
74265,70
74310,70
74356,70
74405,70
74451,70
74499,70
74547,70
74593,70
74640,70
74686,70
74734,70
74781,70
74826,70
74873,70
74921,70
74967,70
75013,70
75059,70
75106,70
75153,70
75201,70
75247,70
75294,70
75342,70
75389,70
75435,70
75483,70
75528,70
75575,70
75638,70
75683,70
75730,70
75777,70
75823,70
75870,70
75917,70
75963,70
76024,70
76070,70
76119,70
76166,70
76211,70
76257,70
76291,70
76337,70
76399,70
76445,70
76491,70
76538,70
76586,70
76646,70
76692,70
76740,70
76786,70
76833,70
76879,70
76927,70
76973,70
77021,70
77068,70
77115,70
77163,70
77209,70
77253,69
77295,69
77350,69
77407,69
77459,69
77506,69
77553,69
77598,69
77645,69
77693,69
77741,69
77787,69
77833,69
77870,70
77926,70
77973,70
78020,71
78061,71
78112,71
78158,71
78204,72
78251,72
78296,72
78344,72
78390,72
78435,72
78481,72
78542,72
78591,72
78639,72
78683,72
78730,72
78776,72
78823,73
78869,73
78917,73
78980,73
79041,73
79088,73
79134,73
79181,73
79226,73
79273,73
79307,73
79354,73
79414,73
79462,73
79508,73
79555,73
79603,73
79650,73
79696,73
79757,73
79804,73
79867,73
79913,73
79959,73
80000,73
80052,73
80098,73
80146,73
80192,73
80240,73
80287,73
80331,73
80378,73
80424,73
80472,73
80517,73
80564,73
80610,73
80657,73
80705,73
80750,73
80796,73
80844,73
80892,73
80938,73
80985,73
81032,73
81078,73
81126,72
81173,72
81219,72
81266,72
81314,72
81361,72
81408,72
81456,72
81501,72
81547,72
81595,72
81643,72
81689,72
81748,73
81790,73
81844,73
81891,74
81936,74
81982,74
82030,74
82080,74
82138,74
82186,74
82233,74
82280,74
82326,74
82371,74
82417,74
82463,74
82510,74
82557,74
82603,74
82648,74
82696,74
82743,74
82789,74
82839,74
82885,74
82932,74
82979,74
83042,74
83088,74
83136,74
83182,74
83245,74
83291,74
83336,74
83389,74
83430,73
83476,73
83539,73
83585,73
83628,73
83671,73
83716,73
83760,72
83808,72
83866,72
83926,72
83972,72
84019,72
84060,71
84110,71
84158,71
84205,71
84253,71
84302,71
84346,71
84383,70
84436,70
84486,70
84531,70
84579,70
84621,69
84672,69
84719,69
84762,69
84811,69
84859,69
84906,69
84953,69
84996,69
85046,69
85093,69
85139,69
85180,69
85230,69
85277,69
85323,69
85373,68
85422,68
85470,68
85509,68
85560,68
85606,68
85652,68
85703,68
85745,67
85791,67
85841,67
85886,67
85934,67
85981,66
86029,66
86080,66
86125,66
86172,66
86219,65
86265,65
86312,65
86357,65
86405,65
86453,65
86499,65
86542,65
86593,65
86639,65
86685,65
86733,65
86778,65
86823,64
86871,64
86919,64
86982,64
87043,64
87086,64
87136,64
87180,64
87228,64
87279,64
87337,64
87401,63
87446,63
87508,63
87559,63
87603,63
87649,63
87703,63
87757,63
87796,63
87851,63
87898,63
87957,62
87996,62
88052,62
88100,62
88146,62
88195,62
88256,62
88302,62
88348,62
88395,62
88442,62
88486,62
88524,62
88575,61
88621,61
88672,61
88717,61
88780,61
88828,61
88875,61
88921,61
88967,60
89014,60
89061,60
89108,60
89154,60
89201,60
89249,60
89283,60
89310,60
89341,60
89373,60
89430,60
89479,60
89540,60
89576,60
89638,60
89699,60
89763,60
89825,60
89885,60
89931,60
89979,60
90043,60
90104,60
90168,60
90232,60
90292,61
90355,61
90419,61
90468,61
90526,61
90576,61
90622,61
90686,61
90733,61
90779,62
90828,62
90875,62
90922,62
90973,62
91018,62
91066,62
91112,62
91175,62
91221,62
91267,62
91314,62
91361,62
91412,62
91455,62
91502,62
91548,62
91593,62
91655,62
91702,62
91750,62
91795,62
91843,62
91888,62
91936,62
91996,62
92060,62
92110,62
92157,62
92215,62
92261,62
92317,62
92365,61
92405,61
92461,61
92508,61
92548,61
92604,60
92651,60
92698,60
92745,60
92782,60
92837,60
92885,60
92931,60
92978,60
93025,60
93071,60
93118,60
93165,60
93211,60
93257,60
93304,60
93351,60
93397,60
93444,60
93490,60
93537,60
93584,60
93630,60
93676,60
93722,60
93769,60
93816,60
93864,60
93908,60
93957,60
94005,60
94052,60
94099,60
94146,60
94209,60
94256,60
94302,60
94348,60
94395,60
94437,60
94488,60
94532,60
94583,60
94628,60
94674,60
94722,60
94769,60
94817,60
94865,60
94910,60
94956,60
95006,60
95052,60
95100,60
95148,60
95193,60
95241,60
95286,60
95334,60
95381,60
95430,60
95470,60
95524,60
95573,60
95621,60
95667,60
95714,60
95759,60
95807,60
95853,60
95900,60
95945,60
95992,60
96038,60
96085,60
96132,60
96178,60
96225,60
96271,60
96318,60
96363,60
96410,60
96451,60
96505,60
96552,60
96599,60
96646,60
96693,60
96739,60
96787,60
96834,60
96881,60
96928,60
96974,60
97020,60
97065,60
97114,60
97160,60
97206,60
97255,60
97304,60
97351,60
97398,60
97444,60
97492,60
97539,60
97587,60
97635,60
97683,60
97730,60
97777,60
97811,60
97859,60
97908,61
97958,61
98007,62
98057,62
98105,62
98149,62
98187,62
98246,62
98291,62
98327,63
98359,63
98421,63
98472,63
98527,63
98574,63
98620,63
98666,63
98714,63
98758,63
98805,63
98852,63
98899,63
98945,63
98991,63
99039,63
99086,63
99131,63
99178,63
99223,63
99272,63
99318,63
99363,63
99412,63
99460,63
99506,63
99551,63
99598,63
99645,63
99706,63
99752,63
99799,63
99846,63
99892,63
99939,63
99992,64
100030,64
100077,64
100124,64
100171,64
100233,64
100280,64
100341,64
100389,64
100445,64
100496,64
100530,64
100577,64
100638,64
100716,64
100763,64
100807,64
100855,65
100903,65
100949,65
100995,65
101040,65
101088,65
101135,65
101189,65
101240,65
101287,65
101334,65
101387,65
101442,65
101494,65
101542,65
101580,65
101633,66
101680,66
101723,66
101774,66
101822,66
101868,66
101914,66
101960,66
102007,66
102054,66
102100,66
102146,66
102191,66
102239,66
102287,66
102332,66
102378,66
102425,66
102468,66
102521,66
102566,66
102613,66
102659,66
102708,66
102755,66
102803,66
102851,66
102898,66
102943,66
102990,66
103035,66
103081,66
103129,66
103176,66
103224,66
103269,66
103314,66
103362,66
103410,66
103457,66
103503,66
103551,66
103598,66
103646,66
103693,66
103740,66
103787,66
103834,66
103880,66
103927,66
103972,66
104019,66
104066,66
104111,66
104159,66
104206,67
104251,67
104303,67
104343,67
104391,67
104437,67
104485,67
104532,67
104578,67
104625,67
104678,67
104719,67
104766,67
104812,67
104874,67
104904,68
104936,68
104983,68
105030,68
105078,68
105124,68
105170,68
105217,68
105265,68
105312,68
105359,68
105406,68
105467,68
105527,68
105575,68
105608,68
105669,68
105717,68
105778,68
105825,68
105872,68
105917,68
105964,68
106010,68
106058,68
106105,68
106151,68
106198,68
106243,68
106304,68
106353,68
106399,68
106439,68
106484,68
106534,68
106600,69
106648,69
106695,69
106741,69
106782,69
106832,69
106879,69
106927,69
106974,69
107024,69
107066,69
107112,69
107159,69
107204,69
107249,69
107295,69
107348,70
107391,70
107438,70
107484,70
107531,70
107578,70
107625,70
107672,70
107720,70
107766,70
107811,70
107859,70
107918,69
107952,69
107999,69
108047,69
108093,69
108155,69
108200,69
108233,69
108279,69
108326,69
108388,69
108450,69
108498,68
108559,68
108605,68
108653,68
108684,68
108762,68
108813,68
108870,68
108917,68
108964,68
109004,68
109053,68
109093,68
109151,68
109199,68
109247,68
109295,68
109343,68
109390,68
109454,68
109501,68
109548,68
109595,68
109641,68
109688,68
109736,68
109782,68
109829,68
109874,68
109921,68
109970,68
110016,68
110061,68
110108,68
110155,68
110202,68
110249,68
110296,68
110342,68
110388,68
110438,67
110484,67
110529,67
110576,67
110623,67
110654,67
110702,67
110750,67
110796,67
110841,67
110888,67
110949,67
110996,67
111041,67
111089,67
111137,67
111182,67
111230,67
111279,67
111325,67
111367,67
111408,67
111460,67
111512,67
111559,67
111608,67
111654,67
111702,67
111749,67
111811,67
111857,67
111904,67
111967,66
112028,66
112073,66
112135,66
112182,66
112229,66
112274,66
112322,66
112369,66
112417,66
112464,66
112511,66
112557,66
112605,66
112646,67
112699,68
112749,69
112797,69
112855,69
112900,70
112948,70
112995,70
113039,70
113089,70
113137,70
113183,70
113222,71
113271,71
113319,71
113369,71
113416,71
113462,71
113503,72
113558,72
113599,72
113650,72
113693,72
113741,72
113788,72
113835,72
113881,72
113928,72
113975,73
114021,73
114069,73
114116,73
114162,73
114209,73
114255,73
114301,73
114348,73
114397,73
114443,73
114490,73
114536,73
114583,73
114629,73
114671,73
114722,73
114769,73
114816,73
114861,73
114908,73
114955,74
115000,74
115052,74
115096,74
115142,74
115204,74
115250,74
115313,74
115373,74
115419,74
115464,74
115510,74
115556,74
115598,74
115650,74
115699,75
115745,75
115794,75
115840,75
115886,75
115932,75
115979,75
116040,75
116087,75
116133,75
116178,75
116224,75
116271,75
116317,75
116365,75
116411,75
116457,75
116505,75
116553,75
116600,75
116645,75
116690,75
116737,75
116784,75
116831,75
116878,75
116924,75
116971,75
117018,75
117064,75
117112,75
117159,75
117207,75
117253,75
117300,75
117343,74
117390,74
117439,74
117501,74
117546,74
117594,74
117641,74
117687,74
117733,74
117780,74
117827,74
117889,74
117937,74
117983,74
118030,74
118077,74
118138,74
118200,74
118247,74
118293,74
118340,74
118387,74
118432,74
118478,74
118520,74
118572,74
118619,74
118666,74
118714,74
118749,74
118797,74
118844,75
118892,75
118943,75
118992,75
119039,75
119083,75
119130,75
119177,75
119223,75
119271,75
119317,75
119365,75
119412,75
119458,75
119507,75
119567,75
119613,75
119659,75
119708,75
119754,75
119801,75
119847,75
119893,75
119940,75
119987,75
120034,75
120080,74
120126,74
120173,74
120221,74
120269,73
120311,73
120366,72
120407,72
120460,72
120513,72
120559,72
120608,71
120668,71
120715,71
120763,71
120815,71
120863,71
120905,71
120950,71
120989,71
121030,71
121079,71
121125,71
121175,71
121220,70
121281,70
121327,70
121383,70
121421,69
121483,69
121547,69
121599,69
121654,68
121699,68
121747,68
121794,68
121841,68
121902,68
121949,68
121997,68
122043,68
122106,67
122152,67
122193,67
122235,67
122292,67
122338,67
122379,67
122431,67
122472,67
122526,67
122566,67
122617,67
122664,67
122712,67
122760,67
122807,67
122855,67
122901,67
122947,67
122994,67
123036,67
123084,66
123125,66
123182,66
123219,66
123278,66
123326,66
123372,66
123433,66
123468,66
123529,65
123593,65
123640,65
123687,65
123741,65
123793,65
123832,65
123886,65
123925,64
123980,64
124029,64
124076,64
124120,64
124166,64
124212,64
124260,64
124306,64
124353,64
124400,64
124442,64
124494,64
124539,64
124586,64
124632,64
124678,64
124727,64
124765,64
124812,66
124860,67
124910,68
124957,69
124999,70
125044,70
125093,71
125156,71
125211,71
125257,71
125303,71
125349,71
125388,71
125436,71
125489,70
125532,70
125583,70
125629,69
125677,69
125722,69
125767,69
125814,68
125864,68
125911,68
125971,68
126018,68
126063,68
126110,68
126157,68
126204,68
126249,68
126297,68
126348,68
126390,69
126437,71
126485,71
126535,72
126579,72
126630,73
126680,73
126727,73
126765,74
126811,74
126862,74
126909,75
127043,76
127085,77
127124,77
127180,78
127222,78
127275,78
127318,79
127369,79
127416,79
127461,79
127501,79
127557,79
127603,79
127650,79
127698,79
127732,80
127781,80
127837,80
127883,80
127929,80
127972,80
128022,80
128067,80
128115,80
128161,80
128208,80
128253,80
128302,80
128349,80
128393,80
128441,80
128485,80
128535,80
128582,80
128627,80
128672,80
128717,80
128764,80
128811,80
128874,80
128921,80
128968,80
129021,81
129074,81
129120,81
129168,81
129215,81
129277,81
129324,81
129370,81
129416,81
129458,81
129510,81
129556,81
129603,81
129649,81
129695,81
129742,81
129789,81
129837,81
129884,81
129930,81
129990,81
130038,81
130084,81
130133,81
130178,81
130225,81
130272,81
130319,81
130365,81
130409,80
130453,80
130504,80
130552,80
130600,80
130647,80
130693,80
130742,80
130788,80
130835,80
130884,80
130944,80
130989,80
131036,80
131083,80
131129,80
131176,80
131222,80
131269,80
131315,80
131361,80
131408,80
131471,80
131518,80
131564,80
131610,80
131657,80
131703,80
131750,80
131797,80
131843,80
131889,80
131936,80
131983,80
132029,80
132077,80
132107,80
132153,80
132202,80
132248,80
132309,80
132356,80
132417,80
132461,80
132512,80
132558,80
132606,80
132647,81
132693,81
132741,81
132783,82
132837,82
132883,82
132928,82
132976,82
133024,82
133071,82
133117,82
133162,82
133209,82
133256,82
133303,82
133351,82
133395,82
133443,82
133489,82
133536,82
133584,82
133631,82
133679,82
133725,82
133770,82
133817,82
133865,82
133912,82
133959,82
134005,82
134052,82
134099,82
134146,82
134190,82
134237,82
134286,82
134332,82
134379,82
134424,82
134470,82
134518,82
134563,82
134625,82
134688,81
134749,81
134796,81
134846,81
134905,81
134952,81
135006,81
135044,81
135093,81
135152,81
135199,81
135246,81
135295,81
135342,81
135402,81
135449,81
135495,81
135540,81
135588,81
135635,81
135682,81
135728,81
135775,81
135822,81
135868,81
135915,81
135961,81
136010,81
136055,81
136102,81
136149,81
136195,81
136243,81
136289,81
136335,81
136383,81
136428,81
136471,81
136523,81
136569,81
136617,81
136664,81
136712,81
136759,81
136806,81
136848,81
136895,81
136940,82
136994,82
137041,82
137087,82
137131,82
137180,82
137226,82
137275,82
137322,82
137352,82
137396,82
137438,82
137473,82
137519,82
137565,82
137612,82
137659,82
137706,82
137752,82
137799,82
137846,82
137891,82
137939,82
137985,82
138032,82
138094,82
138156,82
138218,82
138281,82
138337,82
138388,82
138444,82
138494,82
138543,82
138607,82
138669,82
138731,82
138794,82
138871,81
138930,81
138980,81
139024,81
139068,81
139119,81
139166,81
139213,81
139272,80
139321,80
139368,80
139414,80
139461,80
139507,80
139551,80
139603,80
139646,80
139691,80
139740,80
139801,80
139844,79
139892,79
139939,78
139987,78
140034,78
140080,77
140144,77
140197,77
140235,76
140297,76
140357,76
140404,76
140452,76
140499,76
140544,76
140605,76
140653,76
140700,76
140738,75
140785,75
140833,75
140886,75
140932,75
140969,74
141025,74
141067,74
141114,73
141165,73
141213,73
141260,73
141308,73
141355,73
141402,73
141441,74
141489,74
141538,74
141581,75
141627,75
141684,75
141721,75
141769,76
141824,76
141873,76
141915,76
141963,76
142008,76
142054,77
142101,77
142148,77
142195,77
142243,77
142291,77
142337,77
142385,77
142433,77
142481,77
142522,77
142570,76
142610,76
142667,76
142715,75
142753,75
142823,75
142868,75
142916,75
142978,74
143055,74
143102,74
143145,74
143193,74
143241,74
143290,74
143328,74
143379,74
143427,73
143483,73
143525,73
143564,72
143629,72
143691,72
143740,72
143800,72
143851,71
143892,71
143941,71
143987,71
144034,71
144081,71
144127,71
144185,71
144219,71
144268,71
144330,70
144385,70
144423,70
144469,70
144517,70
144563,70
144611,70
144659,70
144704,70
144750,70
144796,70
144828,70
144859,70
144891,70
144938,70
144985,70
145031,70
145080,70
145126,70
145156,70
145188,70
145250,70
145312,70
145354,70
145406,70
145438,70
145485,70
145546,70
145594,70
145640,70
145688,70
145736,70
145781,70
145829,70
145876,70
145937,70
146000,70
146060,70
146107,70
146153,70
146200,70
146246,70
146293,70
146340,70
146386,70
146432,70
146478,70
146525,70
146571,70
146618,70
146664,70
146711,70
146758,70
146805,70
146852,70
146898,70
146944,70
146985,69
147039,69
147086,69
147132,69
147181,69
147226,69
147293,69
147336,69
147379,69
147428,69
147489,69
147537,69
147583,69
147628,69
147676,69
147723,69
147769,69
147815,69
147862,69
147909,69
147955,69
148017,69
148063,69
148094,69
148155,69
148218,69
148264,69
148310,69
148357,69
148404,69
148459,69
148507,68
148556,68
148604,68
148651,68
148698,68
148744,68
148791,68
148839,68
148886,68
148930,68
148978,68
149025,68
149072,68
149112,68
149163,68
149208,68
149256,68
149299,68
149343,68
149380,68
149426,68
149474,68
149522,68
149568,68
149615,68
149662,68
149709,68
149755,68
149800,68
149851,68
149892,68
149940,68
150003,68
150049,68
150111,67
150159,67
150203,67
150263,67
150311,67
150352,67
150404,67
150451,67
150499,67
150560,67
150605,67
150652,67
150699,67
150744,67
150793,67
150840,67
150885,67
150932,67
150980,67
151026,67
151073,67
151121,67
151168,67
151215,67
151261,67
151308,67
151348,67
151400,67
151446,67
151493,67
151540,67
151586,67
151632,67
151679,67
151723,67
151773,67
151819,67
151865,67
151913,67
151960,67
152007,67
152069,67
152114,67
152162,67
152208,67
152253,67
152300,67
152345,66
152392,66
152439,66
152485,66
152547,66
152594,66
152641,66
152688,66
152736,66
152784,66
152829,66
152890,66
152952,66
152998,66
153061,66
153108,66
153170,66
153217,66
153264,66
153326,66
153376,66
153434,66
153480,66
153527,66
153576,66
153618,66
153668,66
153704,65
153760,65
153809,65
153856,65
153902,65
153948,65
153996,65
154032,65
154090,65
154136,65
154184,65
154233,65
154279,65
154326,65
154368,65
154420,65
154466,65
154512,65
154559,65
154605,65
154652,65
154697,65
154745,65
154793,65
154840,65
154884,65
154929,65
154977,65
155029,65
155076,65
155121,65
155169,65
155216,65
155263,65
155311,65
155357,65
155399,65
155449,65
155496,65
155543,65
155589,65
155636,65
155682,65
155730,65
155776,65
155822,65
155869,65
155916,65
155961,64
156002,64
156054,64
156100,64
156145,64
156192,64
156240,64
156287,64
156332,64
156394,64
156442,64
156487,64
156535,64
156582,64
156629,64
156676,64
156722,64
156769,64
156815,64
156862,64
156909,64
156954,64
157001,64
157048,64
157094,64
157141,64
157187,64
157233,64
157272,64
157314,65
157364,65
157407,65
157449,66
157497,66
157538,66
157589,67
157627,67
157674,68
157721,68
157776,69
157824,69
157872,69
157918,69
157966,69
158012,69
158057,69
158105,69
158152,69
158199,69
158246,69
158291,69
158330,68
158400,68
158463,68
158506,68
158556,68
158602,68
158649,67
158692,67
158741,67
158785,67
158832,67
158882,67
158922,67
158970,66
159021,66
159067,66
159116,66
159159,66
159205,66
159267,66
159315,66
159360,66
159423,66
159484,66
159532,66
159592,65
159635,65
159682,65
159729,65
159769,65
159820,65
159868,65
159920,65
159964,65
160015,65
160061,65
160124,64
160171,64
160217,64
160279,64
160324,64
160361,64
160418,64
160467,64
160513,64
160553,64
160605,64
160653,64
160698,64
160745,64
160791,64
160834,64
160887,64
160933,63
160981,63
161026,63
161073,63
161113,63
161170,63
161218,63
161279,63
161320,63
161363,63
161420,63
161468,63
161530,63
161571,63
161623,63
161670,63
161717,63
161761,63
161809,63
161857,63
161904,63
161953,63
161986,63
162045,63
162091,63
162132,63
162185,63
162229,63
162277,63
162326,63
162362,63
162420,63
162467,63
162513,63
162555,62
162606,62
162654,62
162702,62
162747,62
162793,62
162838,62
162886,62
162932,62
162978,62
163025,62
163072,62
163120,62
163165,62
163210,62
163257,62
163305,62
163351,62
163396,62
163443,62
163492,62
163539,62
163587,62
163633,62
163680,62
163726,62
163770,62
163818,62
163864,62
163911,62
163958,62
164005,62
164052,62
164100,62
164146,62
164192,62
164241,62
164288,62
164331,62
164377,62
164428,62
164476,62
164523,62
164568,62
164614,62
164660,62
164707,62
164754,62
164800,62
164848,62
164894,62
164957,62
165003,62
165050,62
165097,62
165144,62
165191,62
165237,62
165284,62
165331,62
165392,62
165439,62
165486,62
165548,62
165596,62
165643,62
165689,62
165737,62
165783,62
165844,62
165892,62
165939,62
165999,61
166033,61
166091,61
166138,61
166179,61
166231,61
166279,61
166315,61
166371,61
166416,61
166463,61
166510,61
166556,61
166602,61
166649,61
166697,61
166743,61
166791,61
166837,61
166884,61
166930,61
166978,61
167025,61
167070,61
167116,61
167164,61
167211,61
167257,61
167304,61
167350,61
167396,61
167443,61
167488,61
167534,61
167581,61
167628,61
167675,61
167723,61
167770,61
167818,61
167864,61
167907,61
167955,61
168002,61
168063,61
168126,62
168187,62
168233,62
168279,62
168326,62
168374,62
168420,62
168466,62
168513,62
168560,62
168608,62
168668,62
168729,62
168776,62
168823,62
168868,62
168930,62
168978,62
169024,62
169071,62
169118,62
169166,62
169210,62
169258,62
169306,62
169353,62
169399,62
169446,62
169492,62
169537,62
169586,62
169632,62
169679,62
169727,62
169773,62
169820,62
169867,62
169913,62
169960,62
170005,62
170052,62
170100,62
170147,62
170192,62
170238,62
170284,62
170330,62
170391,62
170452,62
170500,62
170546,62
170585,62
170639,62
170675,63
170733,63
170779,63
170826,63
170882,63
170936,63
170982,63
171029,63
171077,63
171113,63
171162,62
171217,62
171259,62
171310,62
171351,62
171393,62
171449,62
171498,62
171546,62
171579,61
171639,61
171687,61
171734,61
171779,61
171827,61
171890,62
171930,62
171970,63
172027,64
172066,64
172114,65
172161,65
172211,66
172265,66
172326,66
172372,66
172414,66
172467,66
172513,66
172559,66
172605,66
172651,66
172689,66
172746,66
172789,66
172838,66
172888,66
172934,66
172982,66
173028,66
173074,66
173121,66
173168,66
173216,66
173258,66
173306,66
173355,66
173393,66
173440,66
173489,65
173538,65
173588,65
173628,64
173681,64
173729,64
173769,64
173837,63
173884,63
173933,63
173970,63
174020,62
174069,62
174118,62
174165,62
174210,62
174258,62
174305,62
174350,62
174414,62
174461,62
174507,62
174554,62
174601,61
174648,61
174693,61
174741,61
174787,61
174835,61
174882,61
174927,61
174974,61
175020,61
175067,61
175113,61
175160,61
175207,61
175254,61
175317,61
175364,61
175425,61
175472,61
175522,61
175564,61
175610,61
175657,61
175718,61
175766,61
175827,61
175874,61
175918,61
175961,61
176010,61
176056,61
176105,61
176152,61
176199,61
176247,61
176282,61
176340,61
176381,61
176432,61
176478,61
176525,61
176572,61
176611,60
176664,60
176712,60
176759,60
176777,60
176799,60
176861,60
176892,60
176955,60
177004,60
177063,60
177126,60
177190,60
177256,60
177313,60
177375,60
177422,60
177470,60
177518,60
177579,60
177640,60
177693,60
177764,60
177812,60
177875,60
177939,60
178001,60
178043,60
178095,60
178157,60
178218,60
178280,60
178342,60
178391,60
178437,60
178483,60
178530,60
178576,60
178623,60
178671,60
178718,60
178766,60
178808,59
178874,59
178921,59
178967,59
179013,59
179059,59
179108,59
179160,58
179199,58
179246,58
179292,58
179357,58
179403,58
179449,58
179510,58
179556,58
179604,58
179651,58
179712,58
179758,58
179814,58
179859,57
179916,57
179977,57
180041,57
180088,57
180135,57
180191,57
180244,57
180292,57
180353,57
180401,57
180460,57
180508,57
180543,56
180601,56
180649,56
180694,56
180734,56
180782,56
180834,56
180880,56
180926,56
180973,56
181018,56
181066,56
181112,56
181159,56
181207,56
181254,56
181294,56
181348,56
181393,56
181438,56
181486,55
181533,55
181580,55
181623,55
181673,55
181720,55
181783,55
181829,55
181880,55
181924,55
181971,55
182018,55
182065,55
182112,55
182158,55
182203,55
182264,55
182324,55
182370,55
182435,55
182495,54
182558,54
182605,54
182653,54
182698,54
182750,54
182806,54
182870,54
182928,54
182979,54
183028,54
183074,54
183134,54
183197,54
183244,54
183305,54
183352,54
183412,54
183453,54
183506,54
183554,54
183599,54
183644,54
183687,54
183736,54
183787,54
183832,54
183880,54
183929,54
183977,54
184013,54
184061,53
184109,53
184166,53
184197,53
184258,53
184301,52
184353,52
184398,52
184441,52
184493,52
184539,52
184582,52
184630,52
184676,52
184719,52
184774,52
184821,52
184867,52
184913,52
184959,52
185005,52
185053,52
185100,52
185147,52
185194,52
185240,52
185287,52
185333,52
185379,52
185427,52
185474,52
185520,52
185566,52
185606,52
185654,53
185707,53
185750,53
185800,53
185845,54
185886,54
185934,54
185990,55
186033,55
186094,55
186145,56
186188,56
186233,56
186280,56
186329,56
186374,57
186425,57
186478,57
186526,58
186575,58
186625,58
186669,58
186717,58
186774,59
186831,59
186873,59
186919,59
186965,59
187013,59
187061,59
187107,59
187152,59
187198,59
187245,59
187277,59
187325,59
187371,59
187418,59
187464,59
187519,58
187560,58
187607,58
187668,58
187719,57
187768,57
187823,57
187868,57
187903,56
187962,56
188008,56
188055,56
188101,56
188145,56
188191,56
188241,56
188287,55
188328,55
188382,55
188429,55
188473,55
188518,55
188569,55
188606,54
188662,54
188708,54
188754,54
188798,54
188849,54
188896,54
188942,54
188982,54
189033,54
189080,54
189127,54
189173,54
189219,54
189266,54
189311,53
189359,53
189405,53
189454,53
189497,53
189544,53
189607,53
189655,53
189702,53
189762,53
189809,53
189870,53
189918,53
189950,53
189997,53
190058,53
190119,53
190165,53
190211,53
190274,53
190326,52
190382,52
190430,52
190479,52
190541,52
190573,52
190605,52
190667,52
190729,52
190760,52
190820,52
190856,52
190903,52
190933,52
190983,52
191027,52
191088,52
191136,52
191169,52
191229,51
191291,51
191338,51
191385,51
191432,51
191480,51
191541,51
191588,51
191634,51
191680,51
191727,51
191774,51
191820,51
191868,51
191914,51
191962,51
192009,51
192053,51
192100,51
192147,51
192195,51
192240,51
192287,51
192333,50
192379,50
192426,50
192471,50
192518,50
192566,51
192607,51
192654,51
192711,52
192747,52
192800,52
192848,52
192886,53
192934,53
192988,53
193035,53
193080,53
193127,53
193173,53
193215,54
193263,54
193313,54
193390,54
193452,54
193504,55
193545,55
193593,55
193638,55
193686,55
193746,55
193792,56
193848,56
193887,56
193933,56
193989,56
194042,56
194096,57
194143,57
194196,57
194256,57
194303,57
194351,57
194399,57
194447,57
194509,57
194557,57
194604,57
194652,57
194699,57
194746,57
194807,57
194853,57
194898,57
194947,57
194998,57
195048,56
195102,56
195142,56
195194,56
195240,56
195286,56
195333,56
195381,55
195428,55
195473,55
195520,55
195557,55
195611,55
195658,54
195703,54
195750,54
195799,54
195859,54
195903,54
195968,53
196015,53
196061,53
196123,53
196171,53
196233,53
196281,52
196327,52
196388,52
196439,52
196496,52
196558,52
196606,52
196660,51
196700,51
196747,51
196792,50
196842,50
196888,50
196934,50
196981,50
197043,50
197107,50
197169,49
197215,49
197261,49
197323,49
197383,49
197445,49
197490,49
197533,49
197583,49
197622,49
197676,49
197724,49
197767,49
197813,49
197864,49
197910,49
197957,49
198004,49
198052,49
198100,49
198147,49
198183,48
198232,48
198287,48
198333,48
198376,48
198424,48
198471,48
198519,48
198565,48
198612,48
198658,48
198705,48
198750,48
198793,48
198807,48
198851,48
198898,48
198944,48
198990,48
199036,48
199083,48
199129,48
199176,48
199223,48
199269,48
199315,48
199362,48
199409,48
199456,48
199505,48
199552,48
199599,48
199645,48
199691,48
199754,48
199800,48
199846,48
199893,48
199939,48
199987,48
200032,48
200080,48
200126,48
200173,48
200219,48
200266,48
200329,48
200389,48
200451,48
200497,48
200544,48
200592,48
200654,48
200700,48
200746,48
200793,48
200839,48
200887,48
200933,48
200980,48
201027,48
201074,48
201119,48
201165,48
201213,48
201260,48
201307,48
201353,48
201399,48
201447,48
201494,48
201542,48
201588,48
201634,48
201681,48
201728,48
201775,48
201820,48
201867,48
201915,48
201962,48
202010,48
202070,48
202117,48
202162,48
202209,48
202255,48
202302,48
202348,48
202395,48
202441,48
202487,48
202534,48
202581,48
202629,48
202675,48
202721,48
202783,48
202829,48
202877,48
202923,48
202969,48
203015,48
203046,48
203094,48
203141,48
203188,48
203249,48
203310,48
203357,48
203405,48
203437,48
203499,48
203545,48
203593,48
203654,48
203697,48
203743,48
203795,48
203841,48
203904,48
203951,48
203997,48
204044,48
204091,48
204136,48
204182,48
204229,48
204274,48
204321,48
204367,48
204414,48
204461,48
204508,48
204555,48
204602,48
204648,48
204694,48
204735,48
204787,48
204833,48
204879,48
204926,48
204973,48
205034,48
205080,48
205131,47
205177,47
205234,47
205280,47
205327,47
205387,47
205435,47
205482,47
205528,47
205573,47
205618,46
205664,46
205713,46
205754,46
205803,46
205852,46
205896,46
205946,46
205994,46
206040,46
206087,46
206128,46
206180,45
206227,45
206267,45
206319,45
206365,45
206411,45
206458,45
206505,45
206547,45
206597,45
206644,45
206690,45
206751,45
206813,45
206874,44
206907,44
206956,44
207002,44
207064,44
207110,44
207172,44
207219,44
207280,44
207328,44
207374,44
207434,44
207475,44
207530,44
207594,44
207641,44
207689,45
207737,46
207787,47
207841,48
207884,48
207923,48
207979,49
208017,49
208071,49
208114,49
208164,49
208209,50
208257,50
208304,50
208348,50
208397,50
208449,51
208491,51
208538,51
208585,51
208631,51
208679,51
208726,51
208771,51
208818,51
208865,51
208912,51
208955,51
209001,51
209052,50
209105,50
209154,50
209193,50
209240,50
209281,49
209331,49
209378,49
209426,49
209481,49
209521,48
209571,48
209612,48
209657,47
209706,47
209753,47
209801,47
209849,46
209906,46
209954,46
210003,46
210063,45
210121,45
210164,45
210218,45
210280,45
210326,45
210373,45
210419,45
210464,44
210509,44
210555,44
210601,44
210641,44
210697,44
210738,44
210790,44
210836,44
210882,44
210929,44
210976,44
211023,44
211070,44
211117,44
211164,44
211210,44
211255,43
211302,43
211348,43
211394,43
211456,43
211502,43
211549,43
211595,43
211642,43
211689,43
211751,43
211799,43
211845,43
211907,43
211969,43
212017,43
212063,43
212123,43
212169,43
212216,43
212263,43
212309,42
212357,42
212402,42
212450,42
212496,42
212543,42
212591,42
212637,42
212685,42
212732,42
212778,42
212825,42
212872,42
212912,42
212964,42
213011,42
213051,42
213104,42
213152,42
213199,42
213246,42
213292,42
213339,41
213385,41
213433,41
213480,41
213527,41
213572,41
213619,41
213667,41
213713,41
213759,41
213806,41
213852,41
213900,41
213946,41
213994,41
214040,41
214087,41
214136,41
214177,41
214226,41
214286,41
214334,41
214381,40
214427,40
214474,40
214520,40
214567,40
214628,40
214674,40
214722,40
214768,40
214816,40
214863,40
214910,40
214957,40
215004,40
215050,40
215096,40
215142,40
215188,40
215249,40
215296,40
215358,40
215390,40
215438,40
215486,40
215533,40
215580,40
215626,40
215673,41
215722,43
215766,43
215812,44
215859,44
215906,44
215954,45
216000,45
216048,46
216094,46
216138,46
216187,46
216241,47
216281,47
216330,47
216377,47
216425,48
216473,48
216528,48
216575,48
216623,48
216670,48
216716,48
216757,48
216808,48
216855,48
216896,48
216945,47
216985,46
217032,46
217081,45
217128,45
217176,45
217219,44
217273,44
217338,44
217384,43
217427,43
217476,42
217538,42
217585,41
217635,41
217682,41
217722,41
217790,41
217832,41
217884,41
217931,41
217976,40
218024,40
218064,40
218117,40
218166,40
218212,40
218260,40
218306,40
218353,40
218400,40
218446,40
218493,40
218541,40
218587,40
218633,40
218679,40
218726,40
218773,40
218817,40
218881,40
218927,40
218975,40
219021,40
219069,40
219114,40
219161,40
219208,39
219254,39
219300,39
219362,39
219411,39
219456,39
219502,39
219548,39
219597,39
219644,39
219691,39
219738,39
219785,39
219831,39
219878,39
219924,39
219969,39
220016,39
220062,39
220117,39
220171,38
220216,38
220264,38
220311,38
220358,38
220419,38
220466,38
220513,38
220558,38
220606,38
220654,38
220714,38
220761,38
220808,38
220854,38
220900,38
220946,38
220985,38
221039,38
221085,38
221132,38
221178,38
221224,38
221271,38
221313,38
221361,37
221410,37
221456,37
221503,37
221549,37
221594,37
221641,37
221687,37
221735,37
221781,37
221828,37
221875,37
221937,37
221983,37
222031,37
222093,37
222153,37
222200,37
222247,37
222294,37
222355,37
222403,37
222449,37
222498,37
222544,37
222588,37
222636,37
222682,37
222729,37
222777,37
222823,37
222869,37
222916,37
222953,38
223000,39
223057,39
223104,39
223152,39
223199,39
223246,39
223291,39
223337,39
223386,39
223432,39
223479,39
223527,39
223574,39
223621,39
223666,39
223714,39
223762,39
223807,39
223854,39
223901,39
223947,39
223994,39
224042,39
224089,39
224131,39
224172,40
224228,40
224273,40
224315,41
224369,41
224409,41
224458,41
224504,42
224553,42
224603,42
224655,42
224698,42
224740,42
224797,42
224844,42
224904,42
224946,42
224993,42
225033,42
225088,41
225137,41
225184,41
225230,41
225275,41
225313,40
225363,40
225409,40
225464,40
225505,40
225553,40
225605,40
225650,39
225697,39
225737,39
225785,39
225836,39
225883,39
225929,39
225976,39
226023,39
226065,38
226116,38
226164,38
226209,38
226255,38
226299,38
226349,38
226396,38
226442,38
226489,37
226534,37
226583,37
226630,37
226677,37
226725,37
226773,37
226820,37
226868,37
226915,37
226963,37
227010,37
227057,37
227103,37
227149,37
227195,37
227241,37
227282,37
227335,37
227377,36
227431,36
227476,36
227523,36
227570,36
227617,36
227664,36
227709,36
227757,36
227804,36
227852,36
227898,36
227943,36
227990,36
228037,36
228084,36
228133,36
228179,36
228226,36
228273,36
228319,36
228367,36
228411,36
228459,36
228505,36
228551,36
228599,36
228646,36
228693,36
228734,36
228785,36
228833,36
228879,36
228925,36
228973,36
229019,36
229066,36
229112,36
229159,36
229207,36
229252,36
229297,36
229345,36
229392,37
229439,37
229503,37
229549,37
229611,37
229659,37
229706,37
229752,37
229814,37
229878,37
229924,37
229971,37
230019,37
230066,37
230112,37
230159,37
230206,37
230253,37
230301,37
230348,37
230409,37
230457,37
230506,38
230550,38
230597,38
230659,38
230707,38
230769,38
230815,38
230860,38
230906,38
230969,38
231015,38
231077,38
231120,38
231170,38
231232,38
231279,38
231326,38
231372,38
231419,38
231453,38
231512,38
231558,38
231607,38
231655,38
231696,38
231735,38
231783,38
231829,38
231876,38
231938,38
231987,38
232032,38
232094,39
232152,39
232193,39
232249,39
232295,39
232341,39
232388,39
232436,39
232482,39
232528,39
232577,39
232624,39
232656,39
232718,39
232780,39
232841,39
232888,39
232935,39
232981,39
233027,39
233073,39
233121,39
233166,39
233213,39
233258,39
233306,39
233344,39
233396,40
233440,40
233489,40
233538,41
233580,41
233633,41
233679,41
233721,41
233772,41
233820,42
233863,42
233912,42
233970,42
234017,42
234068,42
234130,43
234176,43
234224,43
234276,43
234316,43
234361,43
234411,43
234457,43
234504,43
234551,43
234597,43
234644,43
234690,43
234738,44
234783,44
234846,44
234894,44
234940,44
234988,44
235034,44
235081,44
235145,44
235193,44
235239,44
235286,44
235333,44
235379,44
235425,44
235474,45
235521,45
235571,45
235609,45
235788,45
235834,45
235880,45
235927,46
235975,46
236021,46
236068,46
236116,46
236161,46
236208,46
236256,46
236296,47
236365,47
236411,47
236458,47
236505,47
236551,47
236600,47
236646,47
236693,47
236740,47
236801,47
236847,47
236895,47
236946,47
236986,47
237033,47
237080,47
237126,47
237177,47
237232,47
237281,47
237327,47
237384,47
237431,47
237468,47
237499,48
237532,48
237579,48
237643,48
237689,48
237735,48
237780,48
237827,48
237876,48
237923,48
237970,48
238017,48
238077,48
238125,48
238171,48
238218,48
238266,48
238313,48
238360,48
238406,48
238454,48
238501,48
238549,48
238596,48
238658,48
238704,48
238765,48
238813,48
238860,48
238921,48
238968,48
239019,49
239066,49
239112,49
239162,49
239203,49
239257,50
239306,50
239345,50
239395,50
239441,50
239494,50
239536,50
239579,51
239632,51
239679,51
239727,51
239770,51
239819,51
239867,51
239914,51
239963,51
240000,51
240051,51
240097,52
240145,52
240200,52
240244,52
240282,53
240329,53
240384,53
240425,54
240472,54
240520,54
240575,55
240622,55
240664,55
240707,55
240749,56
240781,56
240833,56
240881,56
240930,56
240978,57
241017,57
241067,57
241121,58
241168,58
241216,58
241263,58
241307,58
241354,58
241401,58
241447,58
241494,58
241541,58
241588,58
241635,58
241682,58
241730,58
241771,58
241824,58
241871,58
241918,58
241963,58
242009,58
242056,58
242102,58
242145,58
242195,58
242242,58
242289,57
242335,57
242381,57
242429,57
242473,57
242520,57
242567,57
242615,56
242662,56
242708,56
242756,56
242803,56
242849,56
242895,56
242941,56
242987,56
243032,56
243096,56
243143,56
243201,56
243235,55
243283,55
243331,55
243377,55
243439,55
243486,55
243534,55
243581,55
243626,55
243672,55
243720,55
243769,55
243814,55
243859,55
243906,55
243953,55
244016,55
244078,55
244125,55
244187,55
244249,55
244312,54
244373,54
244419,54
244467,54
244514,54
244575,54
244622,54
244656,54
244718,54
244774,54
244826,54
244873,54
244912,55
244953,55
245001,57
245058,58
245099,58
245152,59
245193,59
245236,60
245305,61
245355,61
245401,61
245463,61
245508,61
245555,61
245603,61
245642,60
245695,60
245739,60
245787,60
245834,59
245883,58
245927,58
245972,58
246018,58
246067,58
246113,58
246160,58
246211,57
246257,57
246300,57
246346,56
246402,56
246454,56
246508,56
246562,56
246609,56
246656,56
246718,56
246775,56
246826,56
246858,56
246891,56
246937,56
247000,56
247061,56
247097,56
247154,56
247201,56
247262,56
247308,56
247356,56
247404,56
247449,56
247497,56
247544,56
247591,56
247637,56
247682,56
247746,56
247793,56
247854,56
247900,56
247946,56
247993,56
248041,56
248089,56
248137,56
248182,56
248221,56
248277,56
248323,56
248369,56
248414,56
248460,56
248504,56
248555,56
248603,56
248651,56
248696,56
248743,56
248786,56
248838,56
248885,56
248931,56
248978,56
249025,56
249074,56
249122,56
249167,56
249213,56
249260,56
249308,56
249356,56
249404,56
249451,56
249496,56
249543,56
249589,56
249637,56
249684,56
249729,56
249772,56
249824,56
249871,56
249917,56
249963,56
250013,56
250058,56
250104,56
250150,56
250196,56
250245,56
250292,56
250339,56
250386,56
250431,56
250479,56
250525,56
250573,56
250619,56
250664,56
250713,56
250759,56
250806,56
250854,56
250899,56
250947,56
250994,56
251043,56
251090,56
251135,56
251181,56
251230,56
251276,56
251323,56
251369,56
251416,56
251462,56
251508,56
251556,56
251602,56
251649,56
251696,56
251743,56
251791,56
251840,56
251886,56
251932,56
251979,56
252026,56
252074,56
252120,56
252165,56
252212,56
252259,56
252307,56
252353,56
252399,56
252449,56
252497,56
252542,56
252591,56
252637,56
252700,56
252748,56
252793,56
252841,56
252875,56
252936,56
252982,56
253028,56
253075,56
253121,56
253161,56
253212,56
253257,57
253306,57
253345,57
253401,57
253447,57
253493,58
253531,58
253587,58
253633,58
253680,58
253727,58
253767,58
253817,58
253867,59
253914,59
253961,59
254009,59
254054,59
254102,59
254150,59
254196,60
254242,60
254304,60
254351,60
254398,60
254445,60
254492,60
254537,60
254584,60
254631,60
254677,60
254724,61
254770,61
254818,61
254878,61
254942,61
254988,62
255034,62
255098,62
255145,62
255192,62
255239,62
255285,62
255332,62
255379,62
255426,62
255472,62
255518,62
255565,62
255612,62
255660,62
255706,62
255754,62
255801,62
255864,62
255911,62
255953,63
256004,63
256050,63
256098,63
256143,63
256189,63
256243,63
256282,63
256343,63
256406,63
256452,63
256485,63
256545,63
256607,63
256655,63
256703,63
256750,63
256813,62
256861,62
256908,62
256955,62
257001,62
257051,62
257097,61
257140,61
257193,61
257236,61
257291,61
257331,60
257377,60
257432,60
257479,60
257522,60
257571,60
257620,60
257666,59
257708,59
257758,59
257805,59
257849,59
257899,59
257947,59
257992,59
258034,59
258101,58
258148,58
258195,58
258258,58
258304,58
258350,58
258397,58
258443,58
258490,58
258537,58
258584,58
258630,58
258677,58
258723,58
258766,58
258819,58
258880,58
258927,58
258974,58
259021,58
259083,58
259129,58
259175,58
259221,58
259268,58
259315,58
259361,58
259408,58
259456,58
259502,58
259548,58
259595,58
259641,58
259687,58
259735,58
259796,58
259858,58
259906,58
259951,58
259998,58
260062,58
260108,58
260156,58
260218,58
260279,58
260340,58
260386,58
260433,58
260480,58
260543,58
260590,58
260635,58
260682,58
260721,58
260793,58
260839,58
260885,58
260931,58
260979,58
261027,58
261087,58
261135,58
261182,58
261226,58
261275,58
261321,58
261367,58
261414,58
261460,58
261505,58
261553,58
261599,58
261645,58
261691,58
261739,58
261786,58
261833,58
261880,58
261928,58
261974,58
262022,58
262084,58
262131,58
262176,58
262222,58
262270,58
262316,58
262363,58
262409,58
262455,58
262503,58
262551,58
262597,58
262644,58
262690,58
262736,58
262799,58
262846,58
262892,58
262938,58
262985,58
263046,58
263093,58
263153,58
263201,58
263247,58
263293,58
263340,58
263388,58
263435,58
263482,58
263529,58
263576,58
263609,58
263657,58
263718,58
263766,58
263827,58
263889,58
263936,58
263998,58
264046,58
264094,58
264154,58
264201,58
264264,58
264310,58
264357,58
264394,58
264450,58
264512,58
264558,58
264603,58
264616,58
264663,58
264699,58
264733,58
264780,58
264827,58
264873,58
264920,58
264968,58
265030,58
265078,58
265141,58
265189,58
265253,58
265299,58
265346,58
265393,58
265454,58
265501,58
265546,58
265596,58
265640,58
265687,58
265735,58
265781,58
265827,58
265875,58
265924,58
265971,58
266016,58
266062,58
266108,58
266154,58
266201,58
266248,58
266295,58
266341,58
266387,58
266433,58
266479,58
266526,58
266573,58
266633,58
266680,58
266726,58
266787,58
266834,58
266881,58
266944,58
267007,58
267067,58
267116,58
267177,58
267223,58
267272,58
267334,58
267380,58
267427,58
267472,58
267519,58
267581,58
267627,58
267672,58
267719,58
267766,58
267813,58
267858,58
267905,58
267951,58
267999,58
268045,58
268091,58
268139,58
268186,58
268234,58
268281,58
268328,58
268373,58
268421,58
268467,58
268514,58
268556,58
268607,58
268654,58
268700,58
268746,58
268792,58
268840,58
268887,58
268934,58
268981,58
269029,58
269076,58
269122,58
269169,58
269215,58
269261,58
269308,58
269355,58
269402,58
269449,58
269496,58
269541,58
269589,58
269636,58
269683,58
269729,58
269784,58
269821,58
269872,57
269916,57
269966,57
270009,57
270055,56
270102,56
270164,56
270225,56
270273,56
270335,56
270388,55
270444,55
270490,55
270537,55
270583,55
270629,55
270676,55
270723,55
270770,55
270817,55
270853,55
270910,55
270956,54
271004,54
271051,54
271099,54
271145,54
271192,54
271236,54
271286,54
271330,54
271378,54
271426,54
271473,54
271520,54
271568,53
271612,53
271653,53
271706,53
271753,52
271801,52
271847,52
271893,52
271942,52
271988,52
272036,52
272082,52
272129,52
272175,52
272222,52
272269,52
272313,52
272360,52
272408,52
272454,52
272495,52
272542,52
272608,52
272655,52
272702,52
272749,51
272797,51
272845,51
272891,51
272938,50
272984,50
273030,50
273076,50
273124,50
273170,50
273213,50
273269,49
273311,49
273357,49
273405,49
273452,49
273499,49
273546,49
273593,49
273639,49
273686,49
273733,49
273779,49
273827,49
273873,49
273920,49
273966,49
274012,49
274058,49
274106,49
274153,49
274199,49
274244,49
274291,49
274337,49
274384,49
274430,49
274476,49
274523,49
274584,49
274630,49
274678,49
274740,49
274786,49
274835,49
274883,49
274946,49
275008,49
275067,49
275114,49
275163,49
275196,49
275257,49
275320,49
275365,49
275411,49
275458,49
275504,49
275550,49
275592,49
275645,49
275692,49
275738,49
275783,49
275832,49
275878,49
275925,49
275973,49
276019,49
276064,49
276111,49
276158,49
276206,49
276251,49
276298,49
276346,49
276393,49
276439,49
276500,49
276544,49
276589,49
276641,48
276688,48
276735,48
276781,48
276826,48
276874,48
276921,48
276968,48
277015,48
277060,48
277108,48
277168,48
277229,48
277278,48
277324,48
277371,48
277417,47
277463,47
277510,47
277556,47
277618,47
277666,47
277714,47
277760,47
277807,47
277854,47
277901,47
277949,47
278009,47
278072,47
278119,47
278164,47
278210,47
278261,46
278320,46
278358,46
278412,46
278459,46
278505,46
278550,46
278592,46
278645,46
278691,46
278737,46
278785,46
278832,46
278878,46
278917,46
278970,46
279017,46
279064,46
279102,45
279150,45
279197,45
279245,45
279299,45
279347,45
279394,45
279441,45
279487,45
279534,45
279573,45
279630,45
279677,45
279741,45
279788,45
279834,45
279881,45
279927,45
279973,45
280021,45
280067,44
280113,44
280161,44
280208,44
280253,44
280301,44
280347,44
280394,44
280441,44
280488,44
280535,44
280579,44
280627,44
280673,44
280720,44
280767,44
280805,44
280855,44
280907,44
280952,44
280997,43
281061,43
281110,43
281156,43
281203,42
281251,42
281297,42
281344,42
281389,42
281435,42
281482,42
281530,42
281576,42
281622,42
281670,42
281715,42
281762,42
281809,42
281856,42
281902,42
281949,42
281996,42
282043,42
282088,42
282142,42
282184,42
282232,42
282280,42
282326,42
282389,42
282435,42
282484,42
282530,42
282576,42
282623,42
282671,42
282717,42
282763,42
282811,42
282859,42
282906,42
282953,42
282999,42
283046,42
283092,42
283139,42
283184,42
283228,41
283279,41
283325,41
283387,41
283434,41
283479,41
283525,41
283572,41
283633,41
283695,41
283755,41
283802,41
283850,41
283898,41
283946,41
283991,41
284039,41
284086,41
284133,41
284188,41
284231,42
284289,42
284333,42
284373,42
284422,43
284474,43
284520,43
284568,43
284615,43
284676,43
284718,43
284768,43
284805,44
284861,44
284901,45
284949,45
285001,45
285048,45
285095,46
285142,46
285187,46
285234,46
285279,46
285328,46
285374,47
285421,47
285469,47
285515,48
285557,48
285607,48
285653,48
285701,49
285750,49
285797,49
285843,49
285887,50
285941,50
285984,50
286032,51
286077,51
286119,51
286165,52
286216,52
286261,52
286310,52
286356,53
286399,53
286450,53
286493,54
286550,54
286604,54
286654,55
286700,55
286747,55
286794,55
286839,55
286886,55
286933,55
286979,55
287026,55
287085,54
287143,54
287184,54
287229,54
287276,54
287337,54
287385,54
287439,53
287478,53
287527,53
287572,53
287635,53
287688,53
287728,53
287781,52
287822,52
287869,52
287915,52
287966,51
288013,51
288064,50
288116,50
288163,50
288209,50
288256,50
288302,50
288341,50
288396,50
288441,49
288489,49
288536,49
288583,49
288629,49
288669,49
288722,49
288768,49
288815,49
288861,49
288908,49
288956,49
289002,49
289048,49
289096,49
289143,49
289181,48
289229,48
289280,48
289328,48
289375,48
289422,48
289469,48
289530,48
289578,48
289623,48
289671,48
289717,47
289763,47
289810,47
289857,47
289902,47
289950,47
289997,47
290043,47
290090,47
290135,47
290197,47
290246,47
290308,47
290355,47
290401,47
290447,46
290493,46
290541,46
290603,46
290650,46
290697,46
290743,46
290791,46
290836,46
290883,46
290933,46
290979,46
291025,46
291073,46
291120,46
291166,46
291213,46
291260,46
291322,45
291369,45
291416,45
291462,45
291508,45
291555,45
291601,45
291664,45
291711,45
291759,45
291818,45
291881,45
291915,45
291961,45
292008,45
292070,45
292131,45
292177,45
292224,45
292278,45
292333,45
292380,45
292427,45
292473,45
292533,45
292576,45
292628,45
292675,45
292721,45
292766,45
292813,45
292859,45
292906,45
292953,45
292998,45
293045,45
293092,45
293138,45
293185,45
293231,45
293285,44
293323,44
293370,44
293417,44
293465,44
293526,44
293572,44
293619,44
293665,44
293712,44
293759,44
293806,44
293853,44
293900,44
293947,44
293993,44
294040,44
294087,44
294133,44
294180,44
294227,44
294275,44
294323,44
294369,44
294417,44
294463,44
294510,44
294558,44
294607,44
294650,44
294696,44
294742,44
294790,44
294851,44
294899,44
294946,44
295007,45
295069,45
295116,45
295162,45
295209,45
295270,45
295316,45
295362,45
295407,45
295454,45
295493,45
295542,46
295589,47
295638,48
295680,48
295728,48
295781,49
295820,49
295876,50
295918,50
295964,51
296012,51
296064,51
296117,52
296165,52
296220,52
296260,52
296312,53
296353,53
296403,53
296454,53
296498,53
296541,53
296592,54
296639,54
296685,54
296727,54
296779,54
296825,54
296871,54
296918,54
296980,54
297026,54
297073,54
297119,54
297165,55
297214,55
297264,55
297306,55
297353,55
297399,55
297446,55
297493,55
297541,55
297586,55
297637,55
297687,56
297732,56
297781,56
297829,56
297881,56
297929,56
297991,56
298037,56
298084,56
298130,56
298179,56
298241,56
298287,56
298333,56
298379,56
298425,56
298473,56
298520,56
298567,56
298608,56
298662,56
298724,56
298770,56
298815,56
298863,56
298923,56
298971,56
299017,56
299064,56
299124,56
299171,56
299218,56
299264,56
299312,56
299373,56
299421,56
299467,56
299514,56
299561,56
299622,56
299669,56
299716,56
299760,56
299806,56
299853,56
299902,56
299949,56
299995,56
300042,56
300087,56
300135,56
300183,56
300231,56
300294,55
300340,55
300387,55
300449,55
300496,55
300541,55
300590,55
300635,55
300696,55
300758,55
300820,55
300852,55
300914,54
300965,54
301014,54
301071,54
301126,53
301179,53
301230,53
301289,53
301333,53
301395,53
301457,52
301501,52
301550,52
301598,52
301641,52
301690,52
301738,52
301785,52
301831,52
301877,52
301923,52
301968,52
302011,52
302063,52
302108,51
302155,51
302197,51
302250,51
302299,51
302345,51
302391,51
302438,51
302485,51
302533,51
302580,51
302622,51
302668,51
302720,51
302766,51
302815,51
302861,51
302902,51
302949,51
302997,50
303045,50
303092,50
303142,50
303189,50
303235,50
303277,50
303344,50
303391,50
303438,50
303500,50
303546,50
303593,50
303640,50
303686,49
303732,49
303779,49
303826,49
303873,49
303920,49
303966,49
304012,49
304061,49
304107,49
304152,49
304199,49
304246,49
304293,49
304356,49
304403,49
304450,49
304497,49
304543,49
304590,49
304652,49
304699,49
304751,49
304790,50
304836,50
304886,52
304945,53
304995,53
305038,54
305093,55
305133,55
305180,56
305227,56
305289,56
305349,56
305397,56
305446,56
305493,56
305540,56
305602,56
305654,55
305709,54
305751,54
305804,54
305867,53
305918,52
305973,52
306021,52
306069,52
306120,51
306178,51
306224,51
306272,51
306333,50
306373,50
306428,50
306461,50
306506,50
306549,50
306597,49
306645,49
306692,49
306737,49
306782,49
306829,49
306877,49
306923,49
306969,49
307015,49
307062,49
307109,49
307172,49
307219,49
307266,49
307312,49
307359,49
307405,48
307452,48
307498,48
307541,48
307593,48
307639,48
307687,48
307732,48
307778,48
307824,48
307871,48
307920,47
307977,47
308040,47
308096,47
308134,47
308180,47
308212,47
308259,47
308321,47
308368,47
308430,47
308462,47
308509,47
308556,47
308619,47
308667,47
308713,47
308773,46
308839,46
308884,46
308931,46
308977,46
309039,46
309093,46
309148,46
309193,46
309237,46
309287,46
309334,46
309381,46
309428,46
309460,45
309517,45
309566,45
309615,45
309661,45
309708,45
309756,45
309818,45
309864,45
309911,45
309958,45
310007,45
310070,45
310130,45
310165,45
310213,46
310261,47
310316,47
310358,48
310401,48
310452,48
310494,49
310542,49
310589,49
310645,49
310692,49
310734,50
310780,50
310821,50
310868,50
310917,50
310973,51
311017,51
311066,51
311111,51
311159,51
311205,51
311251,51
311299,51
311344,51
311394,51
311441,51
311487,51
311534,51
311579,51
311621,50
311671,50
311716,49
311759,49
311808,48
311859,48
311903,48
311950,48
312013,48
312060,47
312107,47
312170,47
312217,47
312262,47
312325,47
312370,47
312417,47
312465,47
312513,47
312557,47
312605,46
312653,46
312699,46
312747,46
312810,46
312856,46
312901,46
312947,46
312995,46
313039,46
313086,46
313133,46
313180,46
313243,46
313303,46
313350,46
313397,46
313443,46
313488,46
313534,46
313581,46
313623,46
313674,46
313719,46
313767,46
313814,46
313861,46
313908,46
313970,46
314017,46
314062,46
314103,45
314148,45
314204,45
314253,45
314300,45
314349,45
314395,45
314443,45
314489,45
314536,45
314583,45
314625,45
314678,45
314724,45
314770,45
314819,45
314852,45
314913,45
314959,45
315022,45
315085,45
315131,45
315165,44
315223,44
315270,44
315309,44
315363,44
315410,44
315456,44
315502,44
315550,44
315596,44
315642,44
315689,44
315736,44
315782,44
315830,44
315877,44
315924,44
315970,44
316018,44
316065,44
316112,44
316158,44
316205,44
316252,44
316298,44
316345,44
316391,44
316439,44
316485,44
316532,43
316578,43
316618,43
316686,43
316734,43
316781,43
316826,43
316874,43
316920,43
316968,43
317014,43
317061,43
317107,43
317154,43
317199,43
317247,43
317293,43
317339,43
317387,43
317434,43
317481,43
317527,43
317574,43
317620,43
317668,43
317715,43
317761,43
317808,43
317855,43
317903,43
317949,43
317997,43
318043,43
318089,43
318137,43
318183,43
318229,43
318262,43
318300,43
318376,43
318422,43
318470,43
318517,43
318562,43
318609,43
318658,43
318704,43
318751,43
318797,43
318843,43
318889,43
318936,43
318982,43
319028,45
319070,46
319116,47
319164,49
319212,50
319261,52
319308,53
319356,54
319399,55
319444,56
319492,56
319540,57
319588,57
319635,58
319683,59
319726,60
319780,60
319819,61
319870,61
319916,61
319961,61
320009,61
320057,61
320102,61
320156,60
320194,60
320244,59
320291,59
320339,58
320391,58
320435,58
320488,58
320524,57
320579,57
320621,57
320667,57
320709,56
320764,56
320804,56
320852,56
320908,55
320948,55
320994,55
321049,55
321095,55
321142,55
321180,54
321234,54
321296,54
321342,54
321388,54
321434,54
321481,54
321523,54
321574,54
321621,54
321661,53
321714,53
321762,53
321808,53
321867,53
321917,53
321966,53
322012,53
322058,53
322120,53
322167,53
322214,53
322260,53
322306,53
322353,53
322399,53
322445,53
322493,53
322541,53
322587,53
322633,53
322695,53
322740,53
322788,52
322836,52
322883,52
322945,52
322991,52
323038,52
323100,52
323160,52
323193,52
323241,52
323304,52
323364,52
323411,52
323458,52
323505,52
323551,52
323604,52
323652,52
323700,52
323741,51
323799,51
323844,51
323886,51
323939,51
323985,51
324032,51
324078,51
324125,51
324165,52
324212,52
324268,52
324344,53
324391,53
324438,53
324485,53
324532,53
324578,53
324625,53
324671,53
324716,53
324764,53
324804,53
324857,53
324902,53
324949,54
324995,54
325046,54
325108,54
325155,54
325202,55
325247,55
325292,55
325341,55
325386,55
325433,55
325474,55
325525,55
325572,56
325619,56
325664,56
325726,56
325789,56
325836,56
325882,56
325929,56
325975,56
326038,56
326099,56
326163,56
326210,56
326273,56
326320,56
326382,56
326429,56
326476,56
326523,56
326569,57
326616,57
326676,57
326717,57
326771,57
326831,57
326878,57
326927,57
326974,57
327019,57
327066,57
327112,57
327160,57
327207,57
327247,57
327301,57
327348,57
327394,57
327440,57
327484,58
327532,58
327580,58
327626,58
327673,58
327719,58
327765,58
327813,58
327860,58
327907,58
327954,58
328000,58
328048,58
328094,58
328141,58
328188,58
328228,58
328280,58
328328,58
328375,58
328423,58
328470,58
328516,58
328561,58
328609,58
328656,58
328703,58
328749,58
328796,58
328842,58
328888,58
328935,58
328981,58
329028,58
329074,58
329121,58
329167,58
329213,58
329260,58
329307,58
329353,58
329400,58
329447,58
329493,58
329542,58
329589,58
329635,58
329682,58
329729,58
329775,58
329822,58
329869,58
329916,58
329962,58
330009,59
330063,59
330103,59
330148,59
330195,59
330242,59
330288,59
330335,59
330382,59
330428,59
330489,59
330535,59
330580,59
330629,59
330677,59
330739,59
330785,59
330832,59
330878,59
330941,59
330987,59
331035,59
331082,59
331128,59
331175,59
331223,59
331260,59
331310,59
331350,59
331397,58
331444,58
331492,58
331538,58
331585,58
331633,58
331680,58
331726,58
331773,58
331834,58
331881,58
331928,58
331990,58
332022,58
332069,59
332116,59
332179,59
332242,59
332303,59
332363,59
332410,59
332446,60
332503,60
332550,60
332596,60
332645,60
332684,60
332737,60
332783,60
332828,60
332874,60
332922,60
332963,60
333015,60
333063,60
333108,60
333155,60
333196,60
333244,61
333297,61
333339,61
333390,61
333437,61
333483,61
333531,61
333577,61
333624,61
333668,61
333718,61
333765,61
333807,61
333859,61
333900,61
333951,61
333999,61
334047,61
334093,61
334138,61
334184,61
334231,61
334278,61
334325,61
334371,61
334419,61
334466,61
334515,61
334563,61
334608,61
334655,61
334702,61
334749,61
334793,62
334840,62
334886,62
334933,62
334980,62
335040,62
335101,62
335149,62
335196,62
335241,62
335287,62
335349,62
335382,62
335428,62
335488,62
335535,62
335581,62
335629,62
335675,62
335723,62
335770,62
335817,62
335864,62
335925,62
335972,62
336019,62
336066,62
336114,62
336173,62
336211,62
336269,62
336307,62
336362,62
336409,62
336456,62
336502,62
336550,62
336588,62
336635,63
336690,63
336735,63
336780,63
336831,63
336874,63
336925,63
336971,63
337016,63
337062,63
337110,63
337156,63
337203,63
337249,63
337295,63
337342,63
337390,63
337434,63
337482,63
337524,63
337575,63
337621,63
337669,63
337717,63
337763,63
337809,63
337855,63
337902,63
337949,63
337995,63
338041,63
338087,63
338134,63
338178,62
338226,62
338272,62
338323,62
338375,61
338421,61
338463,61
338510,61
338556,61
338604,61
338651,61
338697,61
338742,61
338788,61
338835,61
338883,61
338930,61
338976,61
339022,61
339070,61
339118,61
339164,61
339211,61
339257,61
339305,61
339353,61
339400,61
339447,61
339494,61
339540,61
339588,61
339635,61
339682,61
339729,61
339776,61
339821,61
339869,61
339915,61
339962,61
340010,61
340056,61
340104,61
340150,61
340196,61
340244,61
340306,61
340352,61
340397,61
340444,61
340492,61
340552,61
340603,60
340652,60
340700,60
340754,60
340801,60
340847,60
340894,60
340942,60
340990,60
341053,60
341115,60
341161,60
341222,60
341264,60
341314,60
341362,60
341409,60
341455,60
341503,60
341550,60
341596,60
341644,60
341687,60
341738,60
341787,60
341847,60
341895,60
341942,60
341989,60
342037,60
342099,60
342160,60
342207,60
342254,60
342300,60
342346,60
342394,60
342441,60
342488,60
342534,60
342580,60
342627,60
342675,60
342723,60
342769,60
342814,60
342851,60
342906,60
342954,60
343001,60
343045,60
343088,60
343142,60
343183,60
343233,60
343280,60
343328,60
343375,60
343422,60
343469,60
343515,60
343563,60
343610,60
343652,60
343703,61
343749,61
343796,61
343844,61
343890,61
343937,61
343984,61
344031,61
344077,61
344124,61
344170,61
344216,61
344264,61
344310,61
344357,61
344404,61
344445,61
344500,60
344543,60
344590,60
344636,60
344684,59
344732,59
344774,59
344828,58
344869,58
344919,58
344964,57
345012,57
345058,57
345104,57
345149,57
345196,56
345244,56
345291,56
345337,56
345384,56
345431,56
345477,56
345526,55
345574,55
345628,55
345664,55
345710,55
345757,55
345803,55
345850,55
345897,55
345945,54
345992,54
346039,54
346100,54
346147,54
346193,54
346257,54
346319,54
346366,54
346427,54
346489,54
346549,54
346596,54
346644,54
346691,54
346736,54
346784,54
346830,54
346876,54
346925,54
346968,54
347010,55
347053,55
347112,56
347175,56
347221,56
347269,56
347314,56
347361,56
347408,56
347470,56
347518,56
347565,56
347611,56
347660,56
347706,56
347753,56
347801,56
347863,56
347909,56
347955,56
348001,56
348050,56
348096,56
348143,56
348191,56
348237,56
348279,56
348331,56
348378,56
348424,56
348471,56
348517,56
348564,56
348608,56
348655,56
348704,56
348750,56
348797,56
348843,56
348891,56
348936,56
348983,56
349029,56
349077,56
349124,56
349171,56
349218,56
349265,56
349312,56
349359,56
349405,56
349451,56
349498,56
349544,56
349591,56
349637,56
349685,56
349731,56
349777,56
349822,56
349871,56
349917,56
349965,56
350010,56
350056,56
350102,56
350148,56
350196,56
350242,56
350304,56
350352,56
350399,56
350446,56
350494,56
350540,56
350588,56
350635,56
350697,56
350742,56
350790,56
350836,56
350883,56
350944,56
351005,56
351039,56
351086,56
351133,56
351180,56
351228,56
351290,56
351337,56
351384,56
351429,56
351475,56
351522,56
351583,56
351646,56
351708,56
351755,56
351801,56
351813,56
351860,56
351906,56
351925,56
351972,56
352019,56
352066,56
352128,56
352190,56
352253,56
352316,56
352377,56
352442,56
352502,56
352564,56
352619,55
352660,55
352720,55
352774,55
352829,54
352891,54
352947,54
352997,54
353037,54
353085,53
353139,53
353187,53
353234,53
353280,53
353327,53
353374,53
353421,53
353467,53
353508,55
353556,55
353598,56
353644,57
353692,58
353740,59
353788,60
353837,60
353883,60
353930,61
353976,61
354023,61
354069,61
354114,61
354177,61
354236,60
354286,60
354330,60
354381,59
354425,59
354477,58
354524,58
354571,57
354620,56
354668,56
354716,56
354764,55
354804,55
354852,55
354894,54
354948,54
355000,54
355047,53
355093,53
355134,53
355180,53
355229,52
355279,52
355324,52
355388,52
355441,51
355493,51
355545,51
355591,51
355636,51
355684,51
355723,51
355779,51
355826,51
355872,51
355917,51
355965,51
356012,51
356059,51
356106,51
356152,51
356199,51
356238,50
356292,50
356334,50
356386,50
356432,50
356479,50
356524,50
356571,50
356618,50
356665,50
356712,50
356774,49
356821,49
356867,49
356913,49
356958,49
357005,49
357052,49
357097,49
357144,49
357205,49
357268,49
357315,49
357364,49
357410,49
357458,49
357505,49
357551,49
357599,49
357644,49
357692,49
357737,49
357799,49
357832,49
357886,50
357925,50
357980,51
358020,52
358070,52
358116,52
358165,53
358206,53
358244,53
358286,54
358335,54
358380,54
358428,55
358486,55
358540,55
358594,55
358634,55
358678,56
358734,56
358781,56
358827,56
358873,56
358920,56
358967,56
359015,56
359060,56
359101,55
359149,55
359191,54
359244,54
359285,54
359332,53
359380,53
359427,52
359481,52
359525,52
359571,52
359621,51
359626,51
359656,51
359696,51
359756,51
359818,51
359878,51
359940,51
360002,51
360065,51
360127,51
360174,51
360236,51
360284,51
360319,52
360368,53
360418,54
360468,54
360516,54
360562,54
360607,54
360655,54
360700,54
360747,54
360794,54
360839,54
360888,54
360936,53
360977,53
361028,53
361071,52
361121,52
361183,51
361228,51
361273,51
361324,51
361370,51
361416,50
361463,50
361511,50
361555,50
361603,50
361652,50
361697,50
361746,50
361792,50
361840,50
361886,50
361932,50
361979,50
362026,50
362073,50
362119,50
362165,50
362212,50
362259,50
362304,50
362351,50
362397,50
362445,50
362491,50
362552,50
362614,50
362675,50
362723,50
362771,50
362833,50
362896,50
362957,50
363004,50
363052,50
363098,50
363145,50
363190,50
363237,50
363282,50
363329,50
363376,50
363424,50
363472,50
363517,50
363564,50
363610,50
363657,50
363704,50
363750,50
363798,50
363843,50
363891,50
363938,50
363985,50
364031,50
364079,50
364126,50
364173,50
364221,50
364282,50
364328,50
364375,50
364421,50
364466,50
364513,50
364558,50
364606,50
364652,50
364699,50
364761,50
364809,50
364857,50
364903,50
364950,50
364996,50
365042,50
365089,50
365136,50
365180,50
365227,50
365275,50
365322,50
365369,50
365416,50
365463,50
365509,50
365554,50
365618,50
365666,50
365712,51
365760,51
365807,51
365858,51
365906,52
365946,52
365992,52
366048,53
366087,53
366145,53
366191,53
366238,54
366279,54
366328,54
366375,55
366427,55
366475,55
366522,55
366585,55
366632,55
366679,55
366725,55
366769,55
366817,55
366878,55
366926,55
366972,55
367019,54
367055,54
367105,54
367162,54
367210,54
367258,53
367319,53
367375,53
367427,53
367473,53
367536,53
367575,53
367619,52
367663,52
367711,52
367768,51
367805,51
367864,51
367897,51
367946,51
367991,51
368052,51
368111,50
368161,50
368201,50
368256,50
368306,50
368362,50
368399,50
368454,50
368503,50
368544,50
368596,50
368637,50
368688,50
368735,50
368782,49
368829,49
368876,49
368922,49
368969,49
369016,49
369062,49
369109,49
369156,49
369202,49
369248,49
369294,49
369342,49
369389,49
369436,49
369481,49
369543,49
369590,49
369652,49
369699,49
369746,49
369793,49
369839,49
369886,49
369948,49
369994,49
370041,49
370089,49
370136,49
370182,49
370228,49
370275,49
370322,49
370367,49
370413,49
370461,49
370507,49
370555,49
370601,49
370663,49
370710,49
370757,49
370818,49
370877,49
370923,49
370970,49
371018,49
371065,49
371113,49
371159,49
371207,49
371254,49
371314,49
371360,49
371407,49
371455,49
371502,49
371549,49
371597,49
371644,49
371692,49
371739,49
371802,49
371863,49
371911,49
371957,49
372005,49
372067,49
372114,49
372160,49
372208,49
372255,49
372316,49
372362,49
372410,49
372455,49
372501,49
372548,49
372596,49
372642,49
372688,49
372735,49
372781,49
372828,49
372874,49
372919,49
372966,49
373014,49
373060,49
373107,49
373153,49
373201,49
373248,49
373293,49
373341,49
373387,49
373434,49
373481,49
373527,49
373574,49
373621,49
373668,49
373716,49
373762,49
373808,49
373855,49
373902,49
373963,49
374011,49
374058,49
374104,49
374151,49
374196,49
374243,49
374293,49
374341,49
374388,49
374435,49
374482,49
374530,49
374576,49
374625,49
374663,49
374717,49
374759,49
374811,49
374858,49
374905,49
374953,49
374999,49
375044,49
375091,49
375139,49
375185,49
375231,49
375278,49
375325,49
375371,49
375419,49
375465,49
375510,49
375556,49
375618,49
375668,49
375713,49
375761,49
375822,49
375869,49
375915,49
375961,49
376009,49
376055,49
376102,49
376149,49
376196,49
376251,49
376288,49
376335,49
376383,50
376429,50
376480,50
376528,50
376570,51
376618,51
376663,51
376712,52
376760,52
376815,52
376852,53
376903,53
376961,53
377032,53
377087,54
377147,54
377222,54
377286,54
377334,54
377398,54
377473,54
377544,54
377613,54
377690,54
377771,54
377847,54
377925,54
378005,54
378071,54
378136,53
378206,53
378264,52
378325,52
378375,52
378440,52
378496,51
378550,51
378627,51
378681,51
378736,51
378790,50
378845,50
378908,50
378970,50
379034,50
379098,49
379154,49
379202,49
379255,49
379318,48
379375,48
379442,48
379510,48
379581,47
379634,47
379680,47
379739,47
379800,47
379863,47
379925,47
379989,47
380049,47
380112,47
380175,47
380239,47
380317,47
380381,47
380443,47
380507,47
380555,47
380602,47
380656,47
380712,47
380758,47
380804,47
380880,47
380940,47
381002,47
381064,47
381125,47
381173,47
381222,47
381283,47
381346,47
381409,47
381473,47
381533,47
381582,47
381643,47
381704,47
381752,47
381798,47
381860,47
381924,47
381987,47
382050,47
382112,47
382176,47
382241,47
382304,47
382351,47
382399,47
382459,47
382507,47
382569,47
382631,47
382678,47
382726,47
382775,47
382821,47
382869,47
382917,47
382965,47
383012,47
383060,47
383105,47
383168,48
383216,48
383275,48
383320,48
383368,49
383419,49
383467,49
383513,49
383560,49
383607,49
383666,50
383714,50
383760,50
383808,51
383858,51
383906,52
383954,52
383992,52
384042,53
384104,53
384155,53
384201,53
384251,54
384293,54
384339,54
384385,54
384433,54
384494,54
384541,54
384589,54
384636,54
384683,54
384728,54
384777,54
384838,54
384885,54
384931,54
384979,54
385027,54
385076,54
385123,54
385171,54
385218,54
385262,54
385311,54
385359,54
385405,54
385451,54
385511,53
385562,53
385605,53
385667,53
385712,53
385760,53
385822,53
385899,53
385946,53
385994,53
386042,52
386088,52
386149,52
386195,52
386256,52
386306,52
386350,52
386412,52
386470,51
386507,51
386559,51
386615,51
386679,51
386742,51
386793,51
386836,51
386901,50
386949,50
387008,50
387058,50
387106,50
387150,50
387198,50
387250,50
387293,50
387354,50
387401,50
387448,49
387496,49
387541,49
387588,49
387632,49
387678,49
387742,49
387788,49
387836,49
387883,49
387947,49
387996,49
388044,49
388090,49
388137,49
388182,49
388229,49
388277,49
388337,49
388383,49
388431,49
388480,49
388528,49
388589,49
388665,49
388713,49
388760,49
388810,48
388868,48
388923,48
388978,48
389024,48
389071,48
389117,48
389165,48
389212,48
389258,48
389306,48
389352,48
389399,48
389446,48
389493,48
389541,48
389590,48
389631,48
389681,48
389729,48
389776,48
389823,48
389869,48
389917,48
389965,48
390011,48
390056,48
390105,48
390152,48
390198,48
390245,48
390291,48
390336,48
390384,48
390432,48
390481,48
390526,48
390570,48
390615,48
390668,48
390715,48
390767,47
390808,47
390854,47
390902,47
390950,47
390998,47
391045,47
391093,47
391141,47
391187,47
391234,47
391282,47
391329,47
391376,47
391412,47
391469,47
391517,47
391563,47
391610,47
391652,47
391703,47
391749,47
391796,47
391841,47
391886,47
391932,47
391978,47
392027,47
392075,47
392124,47
392170,47
392218,47
392264,47
392312,47
392359,47
392406,47
392455,47
392518,47
392565,47
392628,47
392689,47
392753,47
392817,47
392880,47
392944,47
393006,47
393053,47
393102,47
393149,47
393196,47
393244,47
393292,47
393339,47
393387,47
393436,47
393482,47
393528,47
393576,47
393625,47
393672,47
393712,48
393765,49
393812,49
393876,49
393923,49
393970,49
394020,49
394073,50
394119,50
394174,50
394239,50
394296,50
394352,51
394397,51
394461,51
394508,51
394555,51
394603,51
394666,51
394715,52
394758,52
394807,52
394854,52
394903,52
394949,52
394997,52
395044,52
395092,52
395154,52
395201,52
395248,52
395295,52
395344,52
395406,52
395459,52
395512,52
395558,52
395606,52
395649,52
395696,52
395746,51
395792,51
395845,50
395898,50
395957,50
396007,49
396066,49
396129,49
396207,49
396271,49
396334,48
396398,48
396446,48
396509,48
396557,48
396620,48
396667,48
396715,48
396763,48
396810,48
396856,48
396918,48
396981,48
397030,48
397070,48
397125,48
397170,47
397216,47
397266,47
397313,47
397361,47
397425,47
397489,47
397549,47
397613,47
397677,47
397725,47
397773,47
397822,47
397868,47
397916,47
397964,47
398011,47
398059,47
398107,47
398154,47
398202,47
398250,47
398298,47
398345,47
398409,47
398472,47
398533,47
398596,47
398654,47
398707,47
398769,47
398832,47
398872,47
398896,47
398943,47
398973,47
399020,47
399065,47
399112,47
399160,47
399205,47
399251,47
399298,47
399345,47
399390,47
399438,47
399486,47
399548,47
399595,47
399642,47
399689,47
399737,49
399785,49
399844,50
399889,51
399937,52
399984,52
400032,53
400080,54
400128,54
400170,55
400217,55
400265,56
400312,57
400360,57
400410,57
400457,57
400503,57
400551,57
400614,57
400661,57
400723,57
400785,56
400835,56
400881,55
400928,55
400970,55
401020,54
401081,54
401131,54
401171,53
401225,53
401267,52
401312,52
401361,51
401412,51
401460,51
401505,51
401553,51
401599,51
401645,50
401693,50
401739,50
401793,50
401846,50
401891,49
401939,49
401986,49
402033,49
402079,49
402126,49
402186,49
402233,49
402280,49
402328,49
402390,48
402436,48
402491,48
402548,48
402592,48
402640,48
402686,48
402734,48
402782,48
402845,48
402891,48
402937,48
402982,48
403029,48
403076,48
403123,48
403170,48
403218,48
403264,48
403310,48
403358,48
403404,48
403465,48
403526,48
403574,48
403622,48
403669,48
403714,48
403762,48
403824,48
403870,48
403919,48
403966,48
404026,48
404073,48
404121,48
404184,48
404230,48
404290,48
404338,48
404382,48
404431,48
404479,48
404526,48
404573,48
404619,48
404667,48
404714,48
404760,48
404806,48
404849,48
404900,48
404948,48
404994,48
405039,48
405085,48
405133,48
405180,48
405226,48
405273,48
405321,48
405367,48
405414,48
405460,48
405507,48
405554,48
405600,48
405648,48
405694,48
405740,48
405787,48
405831,48
405883,48
405932,48
405977,48
406024,48
406071,48
406116,48
406165,48
406201,47
406256,47
406297,47
406343,47
406400,47
406447,47
406493,47
406540,47
406578,46
406634,46
406681,46
406728,46
406775,46
406821,46
406863,46
406916,46
406963,46
407009,46
407057,46
407103,46
407152,46
407199,46
407261,46
407324,46
407370,46
407408,46
407458,46
407505,46
407548,47
407601,47
407642,47
407705,47
407757,47
407804,47
407851,47
407897,47
407944,47
407992,48
408039,48
408085,48
408133,48
408179,49
408217,49
408271,49
408318,49
408364,49
408411,49
408457,50
408506,50
408553,50
408598,50
408641,51
408688,51
408744,51
408787,52
408836,52
408877,52
408923,52
408969,52
409015,52
409062,52
409109,52
409155,52
409203,52
409247,52
409294,52
409345,52
409401,52
409456,52
409505,51
409550,51
409591,51
409640,51
409697,51
409741,51
409762,50
409808,50
409840,50
409871,50
409918,50
409963,50
410010,50
410056,50
410103,50
410149,50
410197,50
410243,50
410290,50
410337,50
410384,50
410430,50
410477,50
410532,49
410570,49
410621,49
410668,49
410719,49
410767,48
410803,48
410860,47
410913,47
410975,47
411037,47
411098,47
411162,47
411223,47
411270,47
411317,47
411379,47
411426,47
411488,47
411534,47
411581,47
411629,47
411676,47
411739,47
411786,47
411831,47
411878,47
411925,47
411972,47
412017,47
412063,47
412111,47
412159,47
412196,47
412251,47
412302,47
412366,47
412428,47
412475,47
412522,47
412569,47
412615,47
412678,47
412740,47
412787,47
412847,47
412895,47
412956,47
413004,47
413050,47
413097,47
413161,47
413222,47
413267,47
413314,47
413364,47
413410,47
413456,47
413502,47
413549,47
413596,47
413641,47
413689,47
413736,47
413781,47
413829,47
413876,47
413922,47
413968,47
414031,47
414075,47
414124,46
414172,46
414235,46
414276,46
414324,46
414373,46
414419,45
414468,45
414508,45
414561,45
414607,45
414655,45
414701,45
414749,45
414796,45
414843,45
414883,45
414932,45
414982,46
415027,46
415071,47
415123,47
415166,47
415214,47
415261,47
415310,47
415357,47
415403,47
415450,47
415498,47
415544,47
415590,47
415637,47
415684,47
415746,47
415792,47
415839,47
415886,47
415932,47
415976,47
416026,48
416070,48
416117,48
416178,48
416239,48
416286,48
416319,48
416380,48
416426,48
416474,48
416508,48
416564,48
416603,47
416651,47
416706,47
416751,47
416791,46
416861,46
416900,46
416954,46
417000,46
417045,46
417091,46
417138,46
417185,46
417227,45
417278,45
417326,45
417372,45
417419,45
417466,45
417510,45
417558,45
417605,45
417650,45
417702,45
417742,45
417789,45
417837,44
417897,44
417958,44
417994,44
418044,44
418100,44
418149,44
418209,44
418270,44
418316,44
418356,44
418408,44
418456,43
418500,43
418550,43
418596,43
418639,42
418688,42
418731,42
418785,42
418830,42
418876,42
418923,42
418969,42
419015,42
419061,42
419107,42
419155,42
419202,42
419248,42
419294,42
419342,42
419389,42
419437,42
419484,42
419531,41
419574,41
419623,41
419670,41
419717,41
419764,41
419810,41
419856,41
419904,41
419950,41
419996,41
420043,41
420090,41
420152,41
420199,41
420246,41
420291,41
420338,41
420387,41
420433,41
420481,41
420528,41
420573,41
420621,41
420667,40
420713,40
420760,40
420806,40
420852,40
420898,40
420945,40
420992,40
421038,40
421085,40
421147,40
421208,40
421241,40
421289,40
421336,40
421396,40
421444,40
421506,40
421555,40
421600,40
421660,40
421708,40
421749,40
421800,40
421863,40
421910,40
421958,40
422019,40
422066,40
422111,40
422159,40
422206,40
422252,40
422298,40
422346,40
422393,40
422440,40
422486,40
422533,40
422580,40
422628,40
422674,40
422720,40
422761,40
422813,40
422860,40
422906,40
422952,40
422997,40
423042,40
423090,40
423137,40
423182,40
423228,40
423274,41
423331,41
423384,41
423431,41
423477,41
423524,41
423571,41
423617,41
423664,41
423710,41
423772,41
423822,41
423881,41
423918,42
423974,42
424037,42
424083,42
424130,42
424191,42
424238,42
424282,42
424324,42
424371,42
424419,42
424459,43
424519,43
424560,43
424613,43
424660,43
424708,43
424770,43
424817,43
424862,43
424909,43
424955,43
425002,43
425050,43
425098,43
425144,43
425179,43
425235,42
425278,42
425324,42
425377,42
425420,41
425471,41
425508,41
425563,41
425603,41
425652,40
425703,40
425750,40
425797,40
425844,40
425890,40
425937,40
425985,40
426032,40
426094,40
426141,40
426188,40
426234,40
426296,40
426341,40
426388,40
426434,40
426482,40
426528,40
426574,40
426622,40
426667,40
426714,40
426777,40
426824,40
426870,40
426916,40
426964,40
427011,40
427056,40
427104,40
427151,40
427197,40
427243,40
427290,40
427336,40
427384,40
427430,40
427475,40
427524,40
427570,40
427616,40
427663,40
427725,40
427788,40
427834,40
427882,40
427944,40
428006,40
428067,40
428113,40
428161,40
428223,40
428270,40
428317,40
428379,40
428426,40
428488,40
428534,40
428582,40
428629,40
428691,40
428738,40
428778,40
428831,40
428868,40
428927,40
428990,40
429035,40
429082,40
429129,40
429174,40
429220,40
429267,40
429313,40
429360,40
429405,40
429453,40
429499,40
429547,40
429595,40
429641,40
429687,40
429734,40
429781,40
429829,40
429874,40
429921,40
429968,40
430014,40
430061,40
430107,40
430154,40
430200,40
430246,40
430292,40
430338,40
430385,40
430433,40
430480,40
430525,40
430574,40
430619,40
430667,40
430713,40
430760,40
430807,40
430852,40
430900,40
430946,40
430991,40
431037,40
431098,40
431132,40
431192,40
431239,40
431286,40
431333,40
431381,40
431443,40
431503,40
431550,40
431596,40
431644,40
431691,40
431739,40
431801,40
431849,40
431913,40
431973,40
432036,40
432098,40
432160,40
432224,40
432290,40
432364,40
432425,40
432488,40
432550,40
432611,41
432667,41
432740,41
432801,41
432859,42
432910,42
432972,42
433028,42
433078,42
433126,42
433174,42
433221,42
433258,42
433311,42
433356,42
433403,42
433453,42
433500,42
433546,43
433587,43
433640,43
433687,43
433749,43
433808,43
433857,44
433901,44
433951,44
434011,44
434061,45
434107,45
434149,45
434200,45
434247,45
434293,45
434339,45
434386,45
434433,45
434480,45
434527,45
434573,45
434620,45
434666,45
434709,45
434763,44
434806,43
434852,43
434901,42
434962,42
435025,42
435088,41
435151,41
435198,41
435242,41
435299,41
435337,41
435382,41
435443,40
435490,40
435538,40
435585,40
435643,40
435686,40
435733,39
435779,39
435820,39
435867,39
435912,39
435960,39
436007,39
436054,39
436101,39
436148,39
436195,39
436243,39
436289,39
436336,39
436383,39
436430,39
436478,39
436525,39
436573,39
436621,39
436668,39
436714,39
436761,39
436822,39
436869,39
436915,39
436961,39
437008,39
437055,39
437103,39
437150,39
437197,39
437245,39
437292,39
437339,39
437386,39
437431,39
437478,39
437525,39
437570,39
437616,39
437663,39
437710,39
437756,39
437813,39
437864,39
437912,39
437974,39
438021,39
438083,39
438131,39
438192,39
438255,39
438316,39
438380,39
438442,39
438505,39
438567,39
438628,39
438674,39
438721,39
438783,39
438825,39
438875,39
438921,39
438967,39
439014,39
439060,39
439108,39
439155,39
439202,39
439247,39
439295,39
439342,39
439388,39
439449,39
439497,39
439545,39
439590,39
439637,39
439682,39
439729,39
439778,39
439819,39
439872,39
439918,39
439964,39
440012,39
440058,39
440121,39
440167,39
440212,39
440260,39
440306,39
440366,39
440415,39
440461,39
440510,39
440556,39
440604,39
440651,39
440699,39
440743,39
440790,40
440835,40
440883,40
440933,41
440993,41
441052,41
441087,41
441135,42
441182,42
441227,42
441274,42
441332,43
441365,43
441418,43
441459,44
441515,44
441557,44
441611,44
441661,44
441699,45
441743,45
441790,46
441834,46
441883,46
441933,47
441989,47
442052,47
442094,47
442140,47
442191,47
442235,48
442278,48
442325,48
442378,49
442426,49
442467,49
442518,49
442565,49
442610,49
442659,49
442705,49
442766,49
442814,49
442861,49
442907,49
442954,49
443017,49
443063,49
443110,49
443147,49
443195,48
443250,48
443294,48
443343,47
443388,47
443436,47
443477,47
443523,46
443571,46
443624,46
443671,46
443717,46
443764,46
443810,45
443856,45
443902,45
443950,45
443996,45
444044,45
444090,45
444137,45
444185,45
444233,45
444281,45
444327,45
444374,44
444414,44
444465,43
444513,43
444560,43
444606,43
444652,43
444700,43
444747,43
444793,43
444840,43
444884,43
444950,42
444996,42
445044,42
445090,42
445152,42
445196,41
445244,41
445293,41
445335,41
445381,41
445445,41
445493,41
445540,41
445587,41
445633,41
445680,41
445727,41
445774,41
445837,41
445883,41
445930,41
445977,41
446023,41
446070,41
446118,40
446165,40
446211,40
446258,40
446305,40
446351,40
446399,40
446445,40
446491,40
446553,40
446615,40
446661,40
446707,40
446755,40
446802,40
446867,40
446928,40
446990,40
447038,40
447099,40
447146,40
447208,40
447256,40
447304,40
447365,40
447429,40
447476,40
447524,40
447570,40
447617,40
447663,40
447710,40
447772,40
447832,40
447881,40
447942,40
448006,40
448052,40
448114,40
448176,40
448239,40
448285,40
448332,40
448392,40
448440,40
448487,40
448533,40
448580,40
448626,40
448673,40
448720,40
448767,40
448815,40
448862,40
448908,40
448955,40
449001,40
449049,40
449092,40
449133,39
449188,39
449235,39
449283,39
449329,39
449376,39
449423,39
449469,39
449516,39
449561,39
449607,39
449655,39
449701,39
449748,39
449809,39
